path	line	column	token	old	new	action	reason
LICENSES/README.md	343	5	必要的许可证原文或 NOTICE	[必要的许可证原文或 NOTICE]	[[必要的许可证原文或 NOTICE]]	MIGRATE	fillable-slot
LICENSES/README.md	344	5	授权书/购买凭证/许可证明的安全存储路径	[授权书/购买凭证/许可证明的安全存储路径]	[[授权书/购买凭证/许可证明的安全存储路径]]	MIGRATE	fillable-slot
LICENSES/README.md	428	3	 	[ ]	[ ]	PRESERVE	markdown-checkbox
LICENSES/README.md	429	3	 	[ ]	[ ]	PRESERVE	markdown-checkbox
LICENSES/README.md	430	3	 	[ ]	[ ]	PRESERVE	markdown-checkbox
LICENSES/README.md	431	3	 	[ ]	[ ]	PRESERVE	markdown-checkbox
LICENSES/README.md	432	3	 	[ ]	[ ]	PRESERVE	markdown-checkbox
LICENSES/README.md	433	3	 	[ ]	[ ]	PRESERVE	markdown-checkbox
LICENSES/README.md	434	3	 	[ ]	[ ]	PRESERVE	markdown-checkbox
LICENSES/README.md	435	3	 	[ ]	[ ]	PRESERVE	markdown-checkbox
LICENSES/README.md	436	3	 	[ ]	[ ]	PRESERVE	markdown-checkbox
LICENSES/README.md	437	3	 	[ ]	[ ]	PRESERVE	markdown-checkbox
LICENSES/README.md	438	3	 	[ ]	[ ]	PRESERVE	markdown-checkbox
LICENSES/README.md	439	3	 	[ ]	[ ]	PRESERVE	markdown-checkbox
LICENSES/README.md	440	3	 	[ ]	[ ]	PRESERVE	markdown-checkbox
LICENSES/asset-rights-register.md	12	3	project-root	[project-root]	[[project-root]]	MIGRATE	fillable-slot
LICENSES/asset-rights-register.md	101	10	项目名称	[项目名称]	[[项目名称]]	MIGRATE	fillable-slot
LICENSES/asset-rights-register.md	102	11	PROJECT-ID	[PROJECT-ID]	[[PROJECT-ID]]	MIGRATE	fillable-slot
LICENSES/asset-rights-register.md	103	13	MAJOR	[MAJOR]	[[MAJOR]]	MIGRATE	fillable-slot
LICENSES/asset-rights-register.md	103	21	MINOR	[MINOR]	[[MINOR]]	MIGRATE	fillable-slot
LICENSES/asset-rights-register.md	103	29	PATCH	[PATCH]	[[PATCH]]	MIGRATE	fillable-slot
LICENSES/asset-rights-register.md	104	14	MAJOR	[MAJOR]	[[MAJOR]]	MIGRATE	fillable-slot
LICENSES/asset-rights-register.md	104	22	MINOR	[MINOR]	[[MINOR]]	MIGRATE	fillable-slot
LICENSES/asset-rights-register.md	104	30	PATCH	[PATCH]	[[PATCH]]	MIGRATE	fillable-slot
LICENSES/asset-rights-register.md	107	11	姓名 / 角色	[姓名 / 角色]	[[姓名 / 角色]]	MIGRATE	fillable-slot
LICENSES/asset-rights-register.md	108	11	姓名 / 角色	[姓名 / 角色]	[[姓名 / 角色]]	MIGRATE	fillable-slot
LICENSES/asset-rights-register.md	109	11	姓名 / 角色	[姓名 / 角色]	[[姓名 / 角色]]	MIGRATE	fillable-slot
LICENSES/asset-rights-register.md	110	11	姓名 / 角色	[姓名 / 角色]	[[姓名 / 角色]]	MIGRATE	fillable-slot
LICENSES/asset-rights-register.md	111	10	YYYY-MM-DD	[YYYY-MM-DD]	[[YYYY-MM-DD]]	MIGRATE	fillable-slot
LICENSES/asset-rights-register.md	112	12	YYYY-MM-DD	[YYYY-MM-DD]	[[YYYY-MM-DD]]	MIGRATE	fillable-slot
LICENSES/asset-rights-register.md	113	10	国家/地区	[国家/地区]	[[国家/地区]]	MIGRATE	fillable-slot
LICENSES/asset-rights-register.md	114	10	平台/渠道	[平台/渠道]	[[平台/渠道]]	MIGRATE	fillable-slot
LICENSES/asset-rights-register.md	119	13	路径/版本	[路径/版本]	[[路径/版本]]	MIGRATE	fillable-slot
LICENSES/asset-rights-register.md	120	12	受控路径/合同系统/安全仓库	[受控路径/合同系统/安全仓库]	[[受控路径/合同系统/安全仓库]]	MIGRATE	fillable-slot
LICENSES/asset-rights-register.md	129	1	PROJECT vX.Y.Z	[PROJECT vX.Y.Z]	[[PROJECT vX.Y.Z]]	MIGRATE	fillable-slot
LICENSES/asset-rights-register.md	132	1	SCRIPT vX.Y.Z	[SCRIPT vX.Y.Z]	[[SCRIPT vX.Y.Z]]	MIGRATE	fillable-slot
LICENSES/asset-rights-register.md	135	1	PROD vX.Y.Z	[PROD vX.Y.Z]	[[PROD vX.Y.Z]]	MIGRATE	fillable-slot
LICENSES/asset-rights-register.md	138	1	RELEASE vX.Y.Z / 未发布	[RELEASE vX.Y.Z / 未发布]	[[RELEASE vX.Y.Z / 未发布]]	MIGRATE	fillable-slot
LICENSES/asset-rights-register.md	306	7	类别缩写	[类别缩写]	[[类别缩写]]	MIGRATE	fillable-slot
LICENSES/asset-rights-register.md	306	14	三位或四位编号	[三位或四位编号]	[[三位或四位编号]]	MIGRATE	fillable-slot
LICENSES/asset-rights-register.md	306	24	简短名称	[简短名称]	[[简短名称]]	MIGRATE	fillable-slot
LICENSES/asset-rights-register.md	306	31	版本	[版本]	[[版本]]	MIGRATE	fillable-slot
LICENSES/asset-rights-register.md	342	10	编号	[编号]	[[编号]]	MIGRATE	fillable-slot
LICENSES/asset-rights-register.md	342	15	资产名称	[资产名称]	[[资产名称]]	MIGRATE	fillable-slot
LICENSES/asset-rights-register.md	348	20	编号	[编号]	[[编号]]	MIGRATE	fillable-slot
LICENSES/asset-rights-register.md	355	11	版本	[版本]	[[版本]]	MIGRATE	fillable-slot
LICENSES/asset-rights-register.md	359	10	YYYY-MM-DD	[YYYY-MM-DD]	[[YYYY-MM-DD]]	MIGRATE	fillable-slot
LICENSES/asset-rights-register.md	360	10	YYYY-MM-DD	[YYYY-MM-DD]	[[YYYY-MM-DD]]	MIGRATE	fillable-slot
LICENSES/asset-rights-register.md	363	10	PROJECT-ID	[PROJECT-ID]	[[PROJECT-ID]]	MIGRATE	fillable-slot
LICENSES/asset-rights-register.md	364	29	编号	[编号]	[[编号]]	MIGRATE	fillable-slot
LICENSES/asset-rights-register.md	365	16	编号	[编号]	[[编号]]	MIGRATE	fillable-slot
LICENSES/asset-rights-register.md	365	26	编号	[编号]	[[编号]]	MIGRATE	fillable-slot
LICENSES/asset-rights-register.md	366	15	编号	[编号]	[[编号]]	MIGRATE	fillable-slot
LICENSES/asset-rights-register.md	367	16	编号	[编号]	[[编号]]	MIGRATE	fillable-slot
LICENSES/asset-rights-register.md	368	15	编号	[编号]	[[编号]]	MIGRATE	fillable-slot
LICENSES/asset-rights-register.md	369	19	编号	[编号]	[[编号]]	MIGRATE	fillable-slot
LICENSES/asset-rights-register.md	389	16	开始	[开始]	[[开始]]	MIGRATE	fillable-slot
LICENSES/asset-rights-register.md	389	24	结束	[结束]	[[结束]]	MIGRATE	fillable-slot
LICENSES/asset-rights-register.md	393	14	YYYY-MM-DD	[YYYY-MM-DD]	[[YYYY-MM-DD]]	MIGRATE	fillable-slot
LICENSES/asset-rights-register.md	394	14	YYYY-MM-DD	[YYYY-MM-DD]	[[YYYY-MM-DD]]	MIGRATE	fillable-slot
LICENSES/asset-rights-register.md	402	10	YYYY-MM-DD	[YYYY-MM-DD]	[[YYYY-MM-DD]]	MIGRATE	fillable-slot
LICENSES/asset-rights-register.md	417	10	YYYY-MM-DD	[YYYY-MM-DD]	[[YYYY-MM-DD]]	MIGRATE	fillable-slot
LICENSES/asset-rights-register.md	448	12	YYYY-MM-DD	[YYYY-MM-DD]	[[YYYY-MM-DD]]	MIGRATE	fillable-slot
LICENSES/asset-rights-register.md	449	15	YYYY-MM-DD	[YYYY-MM-DD]	[[YYYY-MM-DD]]	MIGRATE	fillable-slot
LICENSES/asset-rights-register.md	450	12	YYYY-MM-DD	[YYYY-MM-DD]	[[YYYY-MM-DD]]	MIGRATE	fillable-slot
LICENSES/asset-rights-register.md	501	13	YYYY-MM-DD	[YYYY-MM-DD]	[[YYYY-MM-DD]]	MIGRATE	fillable-slot
LICENSES/asset-rights-register.md	513	10	YYYY-MM-DD	[YYYY-MM-DD]	[[YYYY-MM-DD]]	MIGRATE	fillable-slot
LICENSES/asset-rights-register.md	527	15	YYYY-MM-DD	[YYYY-MM-DD]	[[YYYY-MM-DD]]	MIGRATE	fillable-slot
LICENSES/asset-rights-register.md	537	22	编号	[编号]	[[编号]]	MIGRATE	fillable-slot
LICENSES/asset-rights-register.md	559	10	YYYY-MM-DD	[YYYY-MM-DD]	[[YYYY-MM-DD]]	MIGRATE	fillable-slot
LICENSES/asset-rights-register.md	562	18	编号	[编号]	[[编号]]	MIGRATE	fillable-slot
LICENSES/asset-rights-register.md	570	25	编号	[编号]	[[编号]]	MIGRATE	fillable-slot
LICENSES/asset-rights-register.md	584	16	编号	[编号]	[[编号]]	MIGRATE	fillable-slot
LICENSES/asset-rights-register.md	586	10	YYYY-MM-DD	[YYYY-MM-DD]	[[YYYY-MM-DD]]	MIGRATE	fillable-slot
LICENSES/asset-rights-register.md	589	10	YYYY-MM-DD	[YYYY-MM-DD]	[[YYYY-MM-DD]]	MIGRATE	fillable-slot
LICENSES/asset-rights-register.md	600	3	 	[ ]	[ ]	PRESERVE	markdown-checkbox
LICENSES/asset-rights-register.md	601	3	 	[ ]	[ ]	PRESERVE	markdown-checkbox
LICENSES/asset-rights-register.md	602	3	 	[ ]	[ ]	PRESERVE	markdown-checkbox
LICENSES/asset-rights-register.md	603	3	 	[ ]	[ ]	PRESERVE	markdown-checkbox
LICENSES/asset-rights-register.md	604	3	 	[ ]	[ ]	PRESERVE	markdown-checkbox
LICENSES/asset-rights-register.md	605	3	 	[ ]	[ ]	PRESERVE	markdown-checkbox
LICENSES/asset-rights-register.md	606	3	 	[ ]	[ ]	PRESERVE	markdown-checkbox
LICENSES/asset-rights-register.md	607	3	 	[ ]	[ ]	PRESERVE	markdown-checkbox
LICENSES/asset-rights-register.md	631	3	 	[ ]	[ ]	PRESERVE	markdown-checkbox
LICENSES/asset-rights-register.md	632	3	 	[ ]	[ ]	PRESERVE	markdown-checkbox
LICENSES/asset-rights-register.md	633	3	 	[ ]	[ ]	PRESERVE	markdown-checkbox
LICENSES/asset-rights-register.md	634	3	 	[ ]	[ ]	PRESERVE	markdown-checkbox
LICENSES/asset-rights-register.md	635	3	 	[ ]	[ ]	PRESERVE	markdown-checkbox
LICENSES/asset-rights-register.md	636	3	 	[ ]	[ ]	PRESERVE	markdown-checkbox
LICENSES/asset-rights-register.md	642	3	 	[ ]	[ ]	PRESERVE	markdown-checkbox
LICENSES/asset-rights-register.md	643	3	 	[ ]	[ ]	PRESERVE	markdown-checkbox
LICENSES/asset-rights-register.md	644	3	 	[ ]	[ ]	PRESERVE	markdown-checkbox
LICENSES/asset-rights-register.md	645	3	 	[ ]	[ ]	PRESERVE	markdown-checkbox
LICENSES/asset-rights-register.md	646	3	 	[ ]	[ ]	PRESERVE	markdown-checkbox
LICENSES/asset-rights-register.md	647	3	 	[ ]	[ ]	PRESERVE	markdown-checkbox
LICENSES/asset-rights-register.md	648	3	 	[ ]	[ ]	PRESERVE	markdown-checkbox
LICENSES/asset-rights-register.md	654	3	 	[ ]	[ ]	PRESERVE	markdown-checkbox
LICENSES/asset-rights-register.md	655	3	 	[ ]	[ ]	PRESERVE	markdown-checkbox
LICENSES/asset-rights-register.md	656	3	 	[ ]	[ ]	PRESERVE	markdown-checkbox
LICENSES/asset-rights-register.md	657	3	 	[ ]	[ ]	PRESERVE	markdown-checkbox
LICENSES/asset-rights-register.md	658	3	 	[ ]	[ ]	PRESERVE	markdown-checkbox
LICENSES/asset-rights-register.md	659	3	 	[ ]	[ ]	PRESERVE	markdown-checkbox
LICENSES/asset-rights-register.md	660	3	 	[ ]	[ ]	PRESERVE	markdown-checkbox
LICENSES/asset-rights-register.md	666	3	 	[ ]	[ ]	PRESERVE	markdown-checkbox
LICENSES/asset-rights-register.md	667	3	 	[ ]	[ ]	PRESERVE	markdown-checkbox
LICENSES/asset-rights-register.md	668	3	 	[ ]	[ ]	PRESERVE	markdown-checkbox
LICENSES/asset-rights-register.md	669	3	 	[ ]	[ ]	PRESERVE	markdown-checkbox
LICENSES/asset-rights-register.md	670	3	 	[ ]	[ ]	PRESERVE	markdown-checkbox
LICENSES/asset-rights-register.md	671	3	 	[ ]	[ ]	PRESERVE	markdown-checkbox
LICENSES/asset-rights-register.md	672	3	 	[ ]	[ ]	PRESERVE	markdown-checkbox
LICENSES/asset-rights-register.md	678	3	 	[ ]	[ ]	PRESERVE	markdown-checkbox
LICENSES/asset-rights-register.md	679	3	 	[ ]	[ ]	PRESERVE	markdown-checkbox
LICENSES/asset-rights-register.md	680	3	 	[ ]	[ ]	PRESERVE	markdown-checkbox
LICENSES/asset-rights-register.md	681	3	 	[ ]	[ ]	PRESERVE	markdown-checkbox
LICENSES/asset-rights-register.md	682	3	 	[ ]	[ ]	PRESERVE	markdown-checkbox
LICENSES/asset-rights-register.md	683	3	 	[ ]	[ ]	PRESERVE	markdown-checkbox
LICENSES/asset-rights-register.md	684	3	 	[ ]	[ ]	PRESERVE	markdown-checkbox
LICENSES/asset-rights-register.md	685	3	 	[ ]	[ ]	PRESERVE	markdown-checkbox
LICENSES/asset-rights-register.md	686	3	 	[ ]	[ ]	PRESERVE	markdown-checkbox
LICENSES/asset-rights-register.md	732	3	 	[ ]	[ ]	PRESERVE	markdown-checkbox
LICENSES/asset-rights-register.md	733	3	 	[ ]	[ ]	PRESERVE	markdown-checkbox
LICENSES/asset-rights-register.md	734	3	 	[ ]	[ ]	PRESERVE	markdown-checkbox
LICENSES/asset-rights-register.md	735	3	 	[ ]	[ ]	PRESERVE	markdown-checkbox
LICENSES/asset-rights-register.md	736	3	 	[ ]	[ ]	PRESERVE	markdown-checkbox
LICENSES/asset-rights-register.md	737	3	 	[ ]	[ ]	PRESERVE	markdown-checkbox
LICENSES/asset-rights-register.md	774	3	 	[ ]	[ ]	PRESERVE	markdown-checkbox
LICENSES/asset-rights-register.md	775	3	 	[ ]	[ ]	PRESERVE	markdown-checkbox
LICENSES/asset-rights-register.md	776	3	 	[ ]	[ ]	PRESERVE	markdown-checkbox
LICENSES/asset-rights-register.md	777	3	 	[ ]	[ ]	PRESERVE	markdown-checkbox
LICENSES/asset-rights-register.md	778	3	 	[ ]	[ ]	PRESERVE	markdown-checkbox
LICENSES/asset-rights-register.md	779	3	 	[ ]	[ ]	PRESERVE	markdown-checkbox
LICENSES/asset-rights-register.md	789	3	 	[ ]	[ ]	PRESERVE	markdown-checkbox
LICENSES/asset-rights-register.md	790	3	 	[ ]	[ ]	PRESERVE	markdown-checkbox
LICENSES/asset-rights-register.md	791	3	 	[ ]	[ ]	PRESERVE	markdown-checkbox
LICENSES/asset-rights-register.md	792	3	 	[ ]	[ ]	PRESERVE	markdown-checkbox
LICENSES/asset-rights-register.md	793	3	 	[ ]	[ ]	PRESERVE	markdown-checkbox
LICENSES/asset-rights-register.md	794	3	 	[ ]	[ ]	PRESERVE	markdown-checkbox
LICENSES/asset-rights-register.md	795	3	 	[ ]	[ ]	PRESERVE	markdown-checkbox
LICENSES/asset-rights-register.md	796	3	 	[ ]	[ ]	PRESERVE	markdown-checkbox
LICENSES/asset-rights-register.md	802	3	 	[ ]	[ ]	PRESERVE	markdown-checkbox
LICENSES/asset-rights-register.md	803	3	 	[ ]	[ ]	PRESERVE	markdown-checkbox
LICENSES/asset-rights-register.md	804	3	 	[ ]	[ ]	PRESERVE	markdown-checkbox
LICENSES/asset-rights-register.md	805	3	 	[ ]	[ ]	PRESERVE	markdown-checkbox
LICENSES/asset-rights-register.md	806	3	 	[ ]	[ ]	PRESERVE	markdown-checkbox
LICENSES/asset-rights-register.md	807	3	 	[ ]	[ ]	PRESERVE	markdown-checkbox
LICENSES/asset-rights-register.md	808	3	 	[ ]	[ ]	PRESERVE	markdown-checkbox
LICENSES/asset-rights-register.md	809	3	 	[ ]	[ ]	PRESERVE	markdown-checkbox
LICENSES/asset-rights-register.md	810	3	 	[ ]	[ ]	PRESERVE	markdown-checkbox
LICENSES/asset-rights-register.md	839	3	 	[ ]	[ ]	PRESERVE	markdown-checkbox
LICENSES/asset-rights-register.md	840	3	 	[ ]	[ ]	PRESERVE	markdown-checkbox
LICENSES/asset-rights-register.md	841	3	 	[ ]	[ ]	PRESERVE	markdown-checkbox
LICENSES/asset-rights-register.md	842	3	 	[ ]	[ ]	PRESERVE	markdown-checkbox
LICENSES/asset-rights-register.md	843	3	 	[ ]	[ ]	PRESERVE	markdown-checkbox
LICENSES/asset-rights-register.md	844	3	 	[ ]	[ ]	PRESERVE	markdown-checkbox
LICENSES/asset-rights-register.md	845	3	 	[ ]	[ ]	PRESERVE	markdown-checkbox
LICENSES/asset-rights-register.md	846	3	 	[ ]	[ ]	PRESERVE	markdown-checkbox
LICENSES/asset-rights-register.md	847	3	 	[ ]	[ ]	PRESERVE	markdown-checkbox
LICENSES/asset-rights-register.md	848	3	 	[ ]	[ ]	PRESERVE	markdown-checkbox
LICENSES/asset-rights-register.md	849	3	 	[ ]	[ ]	PRESERVE	markdown-checkbox
LICENSES/asset-rights-register.md	850	3	 	[ ]	[ ]	PRESERVE	markdown-checkbox
LICENSES/asset-rights-register.md	851	3	 	[ ]	[ ]	PRESERVE	markdown-checkbox
LICENSES/asset-rights-register.md	857	3	 	[ ]	[ ]	PRESERVE	markdown-checkbox
LICENSES/asset-rights-register.md	858	3	 	[ ]	[ ]	PRESERVE	markdown-checkbox
LICENSES/asset-rights-register.md	859	3	 	[ ]	[ ]	PRESERVE	markdown-checkbox
LICENSES/asset-rights-register.md	860	3	 	[ ]	[ ]	PRESERVE	markdown-checkbox
LICENSES/asset-rights-register.md	861	3	 	[ ]	[ ]	PRESERVE	markdown-checkbox
LICENSES/asset-rights-register.md	862	3	 	[ ]	[ ]	PRESERVE	markdown-checkbox
LICENSES/asset-rights-register.md	863	3	 	[ ]	[ ]	PRESERVE	markdown-checkbox
LICENSES/asset-rights-register.md	864	3	 	[ ]	[ ]	PRESERVE	markdown-checkbox
LICENSES/asset-rights-register.md	865	3	 	[ ]	[ ]	PRESERVE	markdown-checkbox
LICENSES/asset-rights-register.md	866	3	 	[ ]	[ ]	PRESERVE	markdown-checkbox
LICENSES/asset-rights-register.md	867	3	 	[ ]	[ ]	PRESERVE	markdown-checkbox
LICENSES/asset-rights-register.md	873	3	 	[ ]	[ ]	PRESERVE	markdown-checkbox
LICENSES/asset-rights-register.md	874	3	 	[ ]	[ ]	PRESERVE	markdown-checkbox
LICENSES/asset-rights-register.md	875	3	 	[ ]	[ ]	PRESERVE	markdown-checkbox
LICENSES/asset-rights-register.md	876	3	 	[ ]	[ ]	PRESERVE	markdown-checkbox
LICENSES/asset-rights-register.md	877	3	 	[ ]	[ ]	PRESERVE	markdown-checkbox
LICENSES/asset-rights-register.md	878	3	 	[ ]	[ ]	PRESERVE	markdown-checkbox
LICENSES/asset-rights-register.md	879	3	 	[ ]	[ ]	PRESERVE	markdown-checkbox
LICENSES/asset-rights-register.md	880	3	 	[ ]	[ ]	PRESERVE	markdown-checkbox
LICENSES/asset-rights-register.md	881	3	 	[ ]	[ ]	PRESERVE	markdown-checkbox
LICENSES/asset-rights-register.md	882	3	 	[ ]	[ ]	PRESERVE	markdown-checkbox
LICENSES/asset-rights-register.md	883	3	 	[ ]	[ ]	PRESERVE	markdown-checkbox
LICENSES/skill-license.md	178	6	URL 或仓库路径	[URL 或仓库路径]	[[URL 或仓库路径]]	MIGRATE	fillable-slot
LICENSES/skill-license.md	179	6	已修改 / 已翻译 / 已扩展 / 未修改	[已修改 / 已翻译 / 已扩展 / 未修改]	[[已修改 / 已翻译 / 已扩展 / 未修改]]	MIGRATE	fillable-slot
LICENSES/skill-license.md	210	10	简述	[简述]	[[简述]]	MIGRATE	fillable-slot
LICENSES/skill-license.md	437	3	衍生 Skill 名称	[衍生 Skill 名称]	[[衍生 Skill 名称]]	MIGRATE	fillable-slot
LICENSES/skill-license.md	442	8	URL	[URL]	[[URL]]	MIGRATE	fillable-slot
LICENSES/skill-license.md	446	7	名称	[名称]	[[名称]]	MIGRATE	fillable-slot
LICENSES/skill-license.md	447	8	YYYY-MM-DD	[YYYY-MM-DD]	[[YYYY-MM-DD]]	MIGRATE	fillable-slot
LICENSES/skill-license.md	448	8	内容	[内容]	[[内容]]	MIGRATE	fillable-slot
LICENSES/skill-license.md	449	10	许可；如与原始部分不同，必须清楚区分	[许可；如与原始部分不同，必须清楚区分]	[[许可；如与原始部分不同，必须清楚区分]]	MIGRATE	fillable-slot
LICENSES/skill-license.md	534	3	 	[ ]	[ ]	PRESERVE	markdown-checkbox
LICENSES/skill-license.md	535	3	 	[ ]	[ ]	PRESERVE	markdown-checkbox
LICENSES/skill-license.md	536	3	 	[ ]	[ ]	PRESERVE	markdown-checkbox
LICENSES/skill-license.md	537	3	 	[ ]	[ ]	PRESERVE	markdown-checkbox
LICENSES/skill-license.md	538	3	 	[ ]	[ ]	PRESERVE	markdown-checkbox
LICENSES/skill-license.md	539	3	 	[ ]	[ ]	PRESERVE	markdown-checkbox
LICENSES/skill-license.md	540	3	 	[ ]	[ ]	PRESERVE	markdown-checkbox
LICENSES/skill-license.md	541	3	 	[ ]	[ ]	PRESERVE	markdown-checkbox
LICENSES/skill-license.md	542	3	 	[ ]	[ ]	PRESERVE	markdown-checkbox
LICENSES/skill-license.md	543	3	 	[ ]	[ ]	PRESERVE	markdown-checkbox
LICENSES/skill-license.md	544	3	 	[ ]	[ ]	PRESERVE	markdown-checkbox
LICENSES/skill-license.md	545	3	 	[ ]	[ ]	PRESERVE	markdown-checkbox
LICENSES/third-party-notices.md	29	3	project-root	[project-root]	[[project-root]]	MIGRATE	fillable-slot
LICENSES/third-party-notices.md	86	11	PROJECT_ID / SKILL_ID	[PROJECT_ID / SKILL_ID]	[[PROJECT_ID / SKILL_ID]]	MIGRATE	fillable-slot
LICENSES/third-party-notices.md	87	13	MAJOR	[MAJOR]	[[MAJOR]]	MIGRATE	fillable-slot
LICENSES/third-party-notices.md	87	21	MINOR	[MINOR]	[[MINOR]]	MIGRATE	fillable-slot
LICENSES/third-party-notices.md	87	29	PATCH	[PATCH]	[[PATCH]]	MIGRATE	fillable-slot
LICENSES/third-party-notices.md	89	9	姓名 / 角色	[姓名 / 角色]	[[姓名 / 角色]]	MIGRATE	fillable-slot
LICENSES/third-party-notices.md	90	13	姓名 / 角色 / 律师或法务团队	[姓名 / 角色 / 律师或法务团队]	[[姓名 / 角色 / 律师或法务团队]]	MIGRATE	fillable-slot
LICENSES/third-party-notices.md	91	10	YYYY-MM-DD	[YYYY-MM-DD]	[[YYYY-MM-DD]]	MIGRATE	fillable-slot
LICENSES/third-party-notices.md	98	14	国家/地区；如适用	[国家/地区；如适用]	[[国家/地区；如适用]]	MIGRATE	fillable-slot
LICENSES/third-party-notices.md	206	3	 	[ ]	[ ]	PRESERVE	markdown-checkbox
LICENSES/third-party-notices.md	207	3	 	[ ]	[ ]	PRESERVE	markdown-checkbox
LICENSES/third-party-notices.md	208	3	 	[ ]	[ ]	PRESERVE	markdown-checkbox
LICENSES/third-party-notices.md	209	3	 	[ ]	[ ]	PRESERVE	markdown-checkbox
LICENSES/third-party-notices.md	210	3	 	[ ]	[ ]	PRESERVE	markdown-checkbox
LICENSES/third-party-notices.md	211	3	 	[ ]	[ ]	PRESERVE	markdown-checkbox
LICENSES/third-party-notices.md	212	3	 	[ ]	[ ]	PRESERVE	markdown-checkbox
LICENSES/third-party-notices.md	213	3	 	[ ]	[ ]	PRESERVE	markdown-checkbox
LICENSES/third-party-notices.md	214	3	 	[ ]	[ ]	PRESERVE	markdown-checkbox
LICENSES/third-party-notices.md	215	3	 	[ ]	[ ]	PRESERVE	markdown-checkbox
LICENSES/third-party-notices.md	216	3	 	[ ]	[ ]	PRESERVE	markdown-checkbox
LICENSES/third-party-notices.md	252	7	编号	[编号]	[[编号]]	MIGRATE	fillable-slot
LICENSES/third-party-notices.md	252	12	材料名称	[材料名称]	[[材料名称]]	MIGRATE	fillable-slot
LICENSES/third-party-notices.md	258	14	编号	[编号]	[[编号]]	MIGRATE	fillable-slot
LICENSES/third-party-notices.md	263	10	YYYY-MM-DD	[YYYY-MM-DD]	[[YYYY-MM-DD]]	MIGRATE	fillable-slot
LICENSES/third-party-notices.md	269	19	编号	[编号]	[[编号]]	MIGRATE	fillable-slot
LICENSES/third-party-notices.md	270	17	编号	[编号]	[[编号]]	MIGRATE	fillable-slot
LICENSES/third-party-notices.md	271	19	编号	[编号]	[[编号]]	MIGRATE	fillable-slot
LICENSES/third-party-notices.md	430	3	 	[ ]	[ ]	PRESERVE	markdown-checkbox
LICENSES/third-party-notices.md	431	3	 	[ ]	[ ]	PRESERVE	markdown-checkbox
LICENSES/third-party-notices.md	432	3	 	[ ]	[ ]	PRESERVE	markdown-checkbox
LICENSES/third-party-notices.md	433	3	 	[ ]	[ ]	PRESERVE	markdown-checkbox
LICENSES/third-party-notices.md	434	3	 	[ ]	[ ]	PRESERVE	markdown-checkbox
LICENSES/third-party-notices.md	435	3	 	[ ]	[ ]	PRESERVE	markdown-checkbox
LICENSES/third-party-notices.md	436	3	 	[ ]	[ ]	PRESERVE	markdown-checkbox
LICENSES/third-party-notices.md	627	3	 	[ ]	[ ]	PRESERVE	markdown-checkbox
LICENSES/third-party-notices.md	628	3	 	[ ]	[ ]	PRESERVE	markdown-checkbox
LICENSES/third-party-notices.md	629	3	 	[ ]	[ ]	PRESERVE	markdown-checkbox
LICENSES/third-party-notices.md	630	3	 	[ ]	[ ]	PRESERVE	markdown-checkbox
LICENSES/third-party-notices.md	631	3	 	[ ]	[ ]	PRESERVE	markdown-checkbox
LICENSES/third-party-notices.md	632	3	 	[ ]	[ ]	PRESERVE	markdown-checkbox
LICENSES/third-party-notices.md	633	3	 	[ ]	[ ]	PRESERVE	markdown-checkbox
LICENSES/third-party-notices.md	670	3	 	[ ]	[ ]	PRESERVE	markdown-checkbox
LICENSES/third-party-notices.md	671	3	 	[ ]	[ ]	PRESERVE	markdown-checkbox
LICENSES/third-party-notices.md	672	3	 	[ ]	[ ]	PRESERVE	markdown-checkbox
LICENSES/third-party-notices.md	673	3	 	[ ]	[ ]	PRESERVE	markdown-checkbox
LICENSES/third-party-notices.md	674	3	 	[ ]	[ ]	PRESERVE	markdown-checkbox
LICENSES/third-party-notices.md	675	3	 	[ ]	[ ]	PRESERVE	markdown-checkbox
LICENSES/third-party-notices.md	676	3	 	[ ]	[ ]	PRESERVE	markdown-checkbox
LICENSES/third-party-notices.md	689	3	 	[ ]	[ ]	PRESERVE	markdown-checkbox
LICENSES/third-party-notices.md	690	3	 	[ ]	[ ]	PRESERVE	markdown-checkbox
LICENSES/third-party-notices.md	691	3	 	[ ]	[ ]	PRESERVE	markdown-checkbox
LICENSES/third-party-notices.md	692	3	 	[ ]	[ ]	PRESERVE	markdown-checkbox
LICENSES/third-party-notices.md	693	3	 	[ ]	[ ]	PRESERVE	markdown-checkbox
LICENSES/third-party-notices.md	694	3	 	[ ]	[ ]	PRESERVE	markdown-checkbox
LICENSES/third-party-notices.md	695	3	 	[ ]	[ ]	PRESERVE	markdown-checkbox
LICENSES/third-party-notices.md	696	3	 	[ ]	[ ]	PRESERVE	markdown-checkbox
LICENSES/third-party-notices.md	697	3	 	[ ]	[ ]	PRESERVE	markdown-checkbox
LICENSES/third-party-notices.md	769	3	 	[ ]	[ ]	PRESERVE	markdown-checkbox
LICENSES/third-party-notices.md	770	3	 	[ ]	[ ]	PRESERVE	markdown-checkbox
LICENSES/third-party-notices.md	771	3	 	[ ]	[ ]	PRESERVE	markdown-checkbox
LICENSES/third-party-notices.md	772	3	 	[ ]	[ ]	PRESERVE	markdown-checkbox
LICENSES/third-party-notices.md	773	3	 	[ ]	[ ]	PRESERVE	markdown-checkbox
LICENSES/third-party-notices.md	774	3	 	[ ]	[ ]	PRESERVE	markdown-checkbox
LICENSES/third-party-notices.md	775	3	 	[ ]	[ ]	PRESERVE	markdown-checkbox
LICENSES/third-party-notices.md	776	3	 	[ ]	[ ]	PRESERVE	markdown-checkbox
LICENSES/third-party-notices.md	777	3	 	[ ]	[ ]	PRESERVE	markdown-checkbox
LICENSES/third-party-notices.md	778	3	 	[ ]	[ ]	PRESERVE	markdown-checkbox
LICENSES/third-party-notices.md	779	3	 	[ ]	[ ]	PRESERVE	markdown-checkbox
LICENSES/third-party-notices.md	780	3	 	[ ]	[ ]	PRESERVE	markdown-checkbox
LICENSES/third-party-notices.md	781	3	 	[ ]	[ ]	PRESERVE	markdown-checkbox
LICENSES/third-party-notices.md	782	3	 	[ ]	[ ]	PRESERVE	markdown-checkbox
README.md	70	1	project-root	[project-root]	[[project-root]]	MIGRATE	fillable-slot
README.md	84	16	项目形式	[项目形式]	[[项目形式]]	MIGRATE	fillable-slot
README.md	358	1	project-root	[project-root]	[[project-root]]	MIGRATE	fillable-slot
README.md	381	13	project	[project]	[[project]]	MIGRATE	fillable-slot
README.md	539	15	project	[project]	[[project]]	MIGRATE	fillable-slot
README.md	845	6	github.com/YuYingRay/LaoYu-Professional-Screenwriter	[github.com/YuYingRay/LaoYu-Professional-Screenwriter]	[github.com/YuYingRay/LaoYu-Professional-Screenwriter]	PRESERVE	markdown-link-syntax
README.md	846	18	`LICENSE`	[`LICENSE`]	[`LICENSE`]	PRESERVE	markdown-link-syntax
README.md	846	41	`LICENSES/skill-license.md`	[`LICENSES/skill-license.md`]	[`LICENSES/skill-license.md`]	PRESERVE	markdown-link-syntax
README.md	890	3	 	[ ]	[ ]	PRESERVE	markdown-checkbox
README.md	891	3	 	[ ]	[ ]	PRESERVE	markdown-checkbox
README.md	892	3	 	[ ]	[ ]	PRESERVE	markdown-checkbox
README.md	893	3	 	[ ]	[ ]	PRESERVE	markdown-checkbox
README.md	894	3	 	[ ]	[ ]	PRESERVE	markdown-checkbox
README.md	895	3	 	[ ]	[ ]	PRESERVE	markdown-checkbox
README.md	896	3	 	[ ]	[ ]	PRESERVE	markdown-checkbox
README.md	897	3	 	[ ]	[ ]	PRESERVE	markdown-checkbox
README.md	898	3	 	[ ]	[ ]	PRESERVE	markdown-checkbox
examples/dialogue-rewrite-example.md	766	3	 	[ ]	[ ]	PRESERVE	markdown-checkbox
examples/dialogue-rewrite-example.md	767	3	 	[ ]	[ ]	PRESERVE	markdown-checkbox
examples/dialogue-rewrite-example.md	768	3	 	[ ]	[ ]	PRESERVE	markdown-checkbox
examples/dialogue-rewrite-example.md	769	3	 	[ ]	[ ]	PRESERVE	markdown-checkbox
examples/dialogue-rewrite-example.md	770	3	 	[ ]	[ ]	PRESERVE	markdown-checkbox
examples/dialogue-rewrite-example.md	771	3	 	[ ]	[ ]	PRESERVE	markdown-checkbox
examples/dialogue-rewrite-example.md	772	3	 	[ ]	[ ]	PRESERVE	markdown-checkbox
examples/dialogue-rewrite-example.md	773	3	 	[ ]	[ ]	PRESERVE	markdown-checkbox
examples/dialogue-rewrite-example.md	774	3	 	[ ]	[ ]	PRESERVE	markdown-checkbox
examples/feature-outline-example.md	566	3	x	[x]	[x]	PRESERVE	markdown-checkbox
examples/feature-outline-example.md	567	3	x	[x]	[x]	PRESERVE	markdown-checkbox
examples/feature-outline-example.md	568	3	x	[x]	[x]	PRESERVE	markdown-checkbox
examples/feature-outline-example.md	569	3	x	[x]	[x]	PRESERVE	markdown-checkbox
examples/feature-outline-example.md	570	3	x	[x]	[x]	PRESERVE	markdown-checkbox
examples/feature-outline-example.md	640	3	x	[x]	[x]	PRESERVE	markdown-checkbox
examples/feature-outline-example.md	641	3	x	[x]	[x]	PRESERVE	markdown-checkbox
examples/feature-outline-example.md	642	3	x	[x]	[x]	PRESERVE	markdown-checkbox
examples/feature-outline-example.md	643	3	x	[x]	[x]	PRESERVE	markdown-checkbox
examples/feature-outline-example.md	644	3	x	[x]	[x]	PRESERVE	markdown-checkbox
examples/feature-outline-example.md	645	3	x	[x]	[x]	PRESERVE	markdown-checkbox
examples/feature-outline-example.md	646	3	 	[ ]	[ ]	PRESERVE	markdown-checkbox
examples/feature-outline-example.md	647	3	 	[ ]	[ ]	PRESERVE	markdown-checkbox
governance/change-log.md	23	3	project-root	[project-root]	[[project-root]]	MIGRATE	fillable-slot
governance/change-log.md	67	10	项目名称	[项目名称]	[[项目名称]]	MIGRATE	fillable-slot
governance/change-log.md	68	11	PROJECT_ID	[PROJECT_ID]	[[PROJECT_ID]]	MIGRATE	fillable-slot
governance/change-log.md	69	13	MAJOR	[MAJOR]	[[MAJOR]]	MIGRATE	fillable-slot
governance/change-log.md	69	21	MINOR	[MINOR]	[[MINOR]]	MIGRATE	fillable-slot
governance/change-log.md	69	29	PATCH	[PATCH]	[[PATCH]]	MIGRATE	fillable-slot
governance/change-log.md	70	12	版本 / 日期	[版本 / 日期]	[[版本 / 日期]]	MIGRATE	fillable-slot
governance/change-log.md	73	9	姓名 / 角色	[姓名 / 角色]	[[姓名 / 角色]]	MIGRATE	fillable-slot
governance/change-log.md	74	10	YYYY-MM-DD	[YYYY-MM-DD]	[[YYYY-MM-DD]]	MIGRATE	fillable-slot
governance/change-log.md	75	20	路径 / 版本	[路径 / 版本]	[[路径 / 版本]]	MIGRATE	fillable-slot
governance/change-log.md	76	14	路径	[路径]	[[路径]]	MIGRATE	fillable-slot
governance/change-log.md	77	12	路径 / 版本	[路径 / 版本]	[[路径 / 版本]]	MIGRATE	fillable-slot
governance/change-log.md	78	12	路径 / 版本	[路径 / 版本]	[[路径 / 版本]]	MIGRATE	fillable-slot
governance/change-log.md	85	1	填写，例如 v0.8.2	[填写，例如 v0.8.2]	[[填写，例如 v0.8.2]]	MIGRATE	fillable-slot
governance/change-log.md	92	1	Story Bible 路径与版本	[Story Bible 路径与版本]	[[Story Bible 路径与版本]]	MIGRATE	fillable-slot
governance/change-log.md	95	1	剧本路径与版本	[剧本路径与版本]	[[剧本路径与版本]]	MIGRATE	fillable-slot
governance/change-log.md	98	1	如适用，填写路径与版本	[如适用，填写路径与版本]	[[如适用，填写路径与版本]]	MIGRATE	fillable-slot
governance/change-log.md	261	4	Unreleased	[Unreleased]	[Unreleased]	PRESERVE	fixed-changelog-label
governance/change-log.md	265	3	 	[ ]	[ ]	PRESERVE	markdown-checkbox
governance/change-log.md	265	8	NOTICE-000	[NOTICE-000]	[[NOTICE-000]]	MIGRATE	fillable-slot
governance/change-log.md	265	22	新增内容	[新增内容]	[[新增内容]]	MIGRATE	fillable-slot
governance/change-log.md	265	32	文件/角色/场景/资产	[文件/角色/场景/资产]	[[文件/角色/场景/资产]]	MIGRATE	fillable-slot
governance/change-log.md	265	49	APPROVED / IN_PROGRESS	[APPROVED / IN_PROGRESS]	[[APPROVED / IN_PROGRESS]]	MIGRATE	fillable-slot
governance/change-log.md	265	77	NOTICE-000	[NOTICE-000]	[[NOTICE-000]]	MIGRATE	fillable-slot
governance/change-log.md	269	3	 	[ ]	[ ]	PRESERVE	markdown-checkbox
governance/change-log.md	269	8	NOTICE-000	[NOTICE-000]	[[NOTICE-000]]	MIGRATE	fillable-slot
governance/change-log.md	269	22	旧内容	[旧内容]	[[旧内容]]	MIGRATE	fillable-slot
governance/change-log.md	269	31	新内容	[新内容]	[[新内容]]	MIGRATE	fillable-slot
governance/change-log.md	269	40	原因	[原因]	[[原因]]	MIGRATE	fillable-slot
governance/change-log.md	269	48	范围	[范围]	[[范围]]	MIGRATE	fillable-slot
governance/change-log.md	269	56	状态	[状态]	[[状态]]	MIGRATE	fillable-slot
governance/change-log.md	269	64	NOTICE-000	[NOTICE-000]	[[NOTICE-000]]	MIGRATE	fillable-slot
governance/change-log.md	273	3	 	[ ]	[ ]	PRESERVE	markdown-checkbox
governance/change-log.md	273	8	NOTICE-000	[NOTICE-000]	[[NOTICE-000]]	MIGRATE	fillable-slot
governance/change-log.md	273	22	旧文件/旧规则/旧资产	[旧文件/旧规则/旧资产]	[[旧文件/旧规则/旧资产]]	MIGRATE	fillable-slot
governance/change-log.md	273	56	新文件/新规则	[新文件/新规则]	[[新文件/新规则]]	MIGRATE	fillable-slot
governance/change-log.md	273	71	条件	[条件]	[[条件]]	MIGRATE	fillable-slot
governance/change-log.md	277	3	 	[ ]	[ ]	PRESERVE	markdown-checkbox
governance/change-log.md	277	8	NOTICE-000	[NOTICE-000]	[[NOTICE-000]]	MIGRATE	fillable-slot
governance/change-log.md	277	22	删除内容	[删除内容]	[[删除内容]]	MIGRATE	fillable-slot
governance/change-log.md	277	32	原因	[原因]	[[原因]]	MIGRATE	fillable-slot
governance/change-log.md	277	42	已同步/待同步	[已同步/待同步]	[[已同步/待同步]]	MIGRATE	fillable-slot
governance/change-log.md	281	3	 	[ ]	[ ]	PRESERVE	markdown-checkbox
governance/change-log.md	281	8	NOTICE-000	[NOTICE-000]	[[NOTICE-000]]	MIGRATE	fillable-slot
governance/change-log.md	281	25	问题	[问题]	[[问题]]	MIGRATE	fillable-slot
governance/change-log.md	281	33	位置	[位置]	[[位置]]	MIGRATE	fillable-slot
governance/change-log.md	281	41	方法	[方法]	[[方法]]	MIGRATE	fillable-slot
governance/change-log.md	281	49	状态	[状态]	[[状态]]	MIGRATE	fillable-slot
governance/change-log.md	285	3	 	[ ]	[ ]	PRESERVE	markdown-checkbox
governance/change-log.md	285	8	NOTICE-000	[NOTICE-000]	[[NOTICE-000]]	MIGRATE	fillable-slot
governance/change-log.md	285	22	保密/访问/资产边界修复	[保密/访问/资产边界修复]	[[保密/访问/资产边界修复]]	MIGRATE	fillable-slot
governance/change-log.md	285	40	范围	[范围]	[[范围]]	MIGRATE	fillable-slot
governance/change-log.md	285	48	措施	[措施]	[[措施]]	MIGRATE	fillable-slot
governance/change-log.md	289	3	 	[ ]	[ ]	PRESERVE	markdown-checkbox
governance/change-log.md	289	8	NOTICE-000	[NOTICE-000]	[[NOTICE-000]]	MIGRATE	fillable-slot
governance/change-log.md	289	22	研究结论/来源状态变化	[研究结论/来源状态变化]	[[研究结论/来源状态变化]]	MIGRATE	fillable-slot
governance/change-log.md	289	42	CLM-000	[CLM-000]	[[CLM-000]]	MIGRATE	fillable-slot
governance/change-log.md	289	59	SRC-000	[SRC-000]	[[SRC-000]]	MIGRATE	fillable-slot
governance/change-log.md	289	74	限制	[限制]	[[限制]]	MIGRATE	fillable-slot
governance/change-log.md	293	3	 	[ ]	[ ]	PRESERVE	markdown-checkbox
governance/change-log.md	293	8	NOTICE-000	[NOTICE-000]	[[NOTICE-000]]	MIGRATE	fillable-slot
governance/change-log.md	293	22	生产方案变化	[生产方案变化]	[[生产方案变化]]	MIGRATE	fillable-slot
governance/change-log.md	293	35	旧	[旧]	[[旧]]	MIGRATE	fillable-slot
governance/change-log.md	293	43	新	[新]	[[新]]	MIGRATE	fillable-slot
governance/change-log.md	293	55	内容	[内容]	[[内容]]	MIGRATE	fillable-slot
governance/change-log.md	297	3	 	[ ]	[ ]	PRESERVE	markdown-checkbox
governance/change-log.md	297	8	NOTICE-000	[NOTICE-000]	[[NOTICE-000]]	MIGRATE	fillable-slot
governance/change-log.md	297	22	权利或许可变化	[权利或许可变化]	[[权利或许可变化]]	MIGRATE	fillable-slot
governance/change-log.md	297	35	对象	[对象]	[[对象]]	MIGRATE	fillable-slot
governance/change-log.md	297	43	替换/授权/移除/待法务	[替换/授权/移除/待法务]	[[替换/授权/移除/待法务]]	MIGRATE	fillable-slot
governance/change-log.md	301	3	 	[ ]	[ ]	PRESERVE	markdown-checkbox
governance/change-log.md	301	8	NOTICE-000	[NOTICE-000]	[[NOTICE-000]]	MIGRATE	fillable-slot
governance/change-log.md	301	22	风险变化	[风险变化]	[[风险变化]]	MIGRATE	fillable-slot
governance/change-log.md	301	34	P0/P1/P2	[P0/P1/P2]	[[P0/P1/P2]]	MIGRATE	fillable-slot
governance/change-log.md	301	48	OPEN/MITIGATED/ACCEPTED/CLOSED	[OPEN/MITIGATED/ACCEPTED/CLOSED]	[[OPEN/MITIGATED/ACCEPTED/CLOSED]]	MIGRATE	fillable-slot
governance/change-log.md	305	3	 	[ ]	[ ]	PRESERVE	markdown-checkbox
governance/change-log.md	305	8	NOTICE-000	[NOTICE-000]	[[NOTICE-000]]	MIGRATE	fillable-slot
governance/change-log.md	305	35	旧基线不再有效的原因	[旧基线不再有效的原因]	[[旧基线不再有效的原因]]	MIGRATE	fillable-slot
governance/change-log.md	305	53	必须更新的文件/资产	[必须更新的文件/资产]	[[必须更新的文件/资产]]	MIGRATE	fillable-slot
governance/change-log.md	305	69	NOTICE-000	[NOTICE-000]	[[NOTICE-000]]	MIGRATE	fillable-slot
governance/change-log.md	325	4	vX.Y.Z	[vX.Y.Z]	[[vX.Y.Z]]	MIGRATE	fillable-slot
governance/change-log.md	325	15	YYYY-MM-DD	[YYYY-MM-DD]	[[YYYY-MM-DD]]	MIGRATE	fillable-slot
governance/change-log.md	329	11	此版本解决什么、可用于什么阶段	[此版本解决什么、可用于什么阶段]	[[此版本解决什么、可用于什么阶段]]	MIGRATE	fillable-slot
governance/change-log.md	330	11	上一稳定版本	[上一稳定版本]	[[上一稳定版本]]	MIGRATE	fillable-slot
governance/change-log.md	331	13	NOTICE-000, NOTICE-000	[NOTICE-000, NOTICE-000]	[[NOTICE-000, NOTICE-000]]	MIGRATE	fillable-slot
governance/change-log.md	332	13	REVIEW-000	[REVIEW-000]	[[REVIEW-000]]	MIGRATE	fillable-slot
governance/change-log.md	333	12	Story Bible vX.Y.Z	[Story Bible vX.Y.Z]	[[Story Bible vX.Y.Z]]	MIGRATE	fillable-slot
governance/change-log.md	334	13	文件路径 / 版本	[文件路径 / 版本]	[[文件路径 / 版本]]	MIGRATE	fillable-slot
governance/change-log.md	341	5	新增对象	[新增对象]	[[新增对象]]	MIGRATE	fillable-slot
governance/change-log.md	341	15	文件/模块/角色/规则/场景/资产	[文件/模块/角色/规则/场景/资产]	[[文件/模块/角色/规则/场景/资产]]	MIGRATE	fillable-slot
governance/change-log.md	341	39	用途	[用途]	[[用途]]	MIGRATE	fillable-slot
governance/change-log.md	341	47	影响范围	[影响范围]	[[影响范围]]	MIGRATE	fillable-slot
governance/change-log.md	341	57	NOTICE-000	[NOTICE-000]	[[NOTICE-000]]	MIGRATE	fillable-slot
governance/change-log.md	342	5	新增对象	[新增对象]	[[新增对象]]	MIGRATE	fillable-slot
governance/change-log.md	342	15	内容	[内容]	[[内容]]	MIGRATE	fillable-slot
governance/change-log.md	342	24	如何验证	[如何验证]	[[如何验证]]	MIGRATE	fillable-slot
governance/change-log.md	342	34	NOTICE-000	[NOTICE-000]	[[NOTICE-000]]	MIGRATE	fillable-slot
governance/change-log.md	346	5	对象	[对象]	[[对象]]	MIGRATE	fillable-slot
governance/change-log.md	346	15	旧状态	[旧状态]	[[旧状态]]	MIGRATE	fillable-slot
governance/change-log.md	346	26	新状态	[新状态]	[[新状态]]	MIGRATE	fillable-slot
governance/change-log.md	346	36	原因	[原因]	[[原因]]	MIGRATE	fillable-slot
governance/change-log.md	346	44	人物/因果/信息/制作	[人物/因果/信息/制作]	[[人物/因果/信息/制作]]	MIGRATE	fillable-slot
governance/change-log.md	346	61	NOTICE-000	[NOTICE-000]	[[NOTICE-000]]	MIGRATE	fillable-slot
governance/change-log.md	347	5	对象	[对象]	[[对象]]	MIGRATE	fillable-slot
governance/change-log.md	347	15	旧结构/旧策略	[旧结构/旧策略]	[[旧结构/旧策略]]	MIGRATE	fillable-slot
governance/change-log.md	347	30	新结构/新策略	[新结构/新策略]	[[新结构/新策略]]	MIGRATE	fillable-slot
governance/change-log.md	347	44	对后续产生的变化	[对后续产生的变化]	[[对后续产生的变化]]	MIGRATE	fillable-slot
governance/change-log.md	347	58	NOTICE-000	[NOTICE-000]	[[NOTICE-000]]	MIGRATE	fillable-slot
governance/change-log.md	351	5	对象	[对象]	[[对象]]	MIGRATE	fillable-slot
governance/change-log.md	351	13	旧文件/旧规则/旧资产	[旧文件/旧规则/旧资产]	[[旧文件/旧规则/旧资产]]	MIGRATE	fillable-slot
governance/change-log.md	351	40	新对象	[新对象]	[[新对象]]	MIGRATE	fillable-slot
governance/change-log.md	351	51	版本或日期	[版本或日期]	[[版本或日期]]	MIGRATE	fillable-slot
governance/change-log.md	351	62	NOTICE-000	[NOTICE-000]	[[NOTICE-000]]	MIGRATE	fillable-slot
governance/change-log.md	355	5	对象	[对象]	[[对象]]	MIGRATE	fillable-slot
governance/change-log.md	355	16	角色/支线/场景/资产/规则	[角色/支线/场景/资产/规则]	[[角色/支线/场景/资产/规则]]	MIGRATE	fillable-slot
governance/change-log.md	355	37	原因	[原因]	[[原因]]	MIGRATE	fillable-slot
governance/change-log.md	355	48	范围	[范围]	[[范围]]	MIGRATE	fillable-slot
governance/change-log.md	355	56	NOTICE-000	[NOTICE-000]	[[NOTICE-000]]	MIGRATE	fillable-slot
governance/change-log.md	359	5	问题	[问题]	[[问题]]	MIGRATE	fillable-slot
governance/change-log.md	359	16	矛盾/连续性/因果/格式/生产问题	[矛盾/连续性/因果/格式/生产问题]	[[矛盾/连续性/因果/格式/生产问题]]	MIGRATE	fillable-slot
governance/change-log.md	359	41	简述	[简述]	[[简述]]	MIGRATE	fillable-slot
governance/change-log.md	359	49	简述	[简述]	[[简述]]	MIGRATE	fillable-slot
governance/change-log.md	359	57	方法	[方法]	[[方法]]	MIGRATE	fillable-slot
governance/change-log.md	359	65	NOTICE-000	[NOTICE-000]	[[NOTICE-000]]	MIGRATE	fillable-slot
governance/change-log.md	360	5	问题	[问题]	[[问题]]	MIGRATE	fillable-slot
governance/change-log.md	360	16	问题	[问题]	[[问题]]	MIGRATE	fillable-slot
governance/change-log.md	360	25	文件位置	[文件位置]	[[文件位置]]	MIGRATE	fillable-slot
governance/change-log.md	360	35	结果	[结果]	[[结果]]	MIGRATE	fillable-slot
governance/change-log.md	360	43	NOTICE-000	[NOTICE-000]	[[NOTICE-000]]	MIGRATE	fillable-slot
governance/change-log.md	364	5	问题	[问题]	[[问题]]	MIGRATE	fillable-slot
governance/change-log.md	364	16	访问/保密/素材泄露/账号/敏感数据	[访问/保密/素材泄露/账号/敏感数据]	[[访问/保密/素材泄露/账号/敏感数据]]	MIGRATE	fillable-slot
governance/change-log.md	364	41	措施	[措施]	[[措施]]	MIGRATE	fillable-slot
governance/change-log.md	364	49	NOTICE-000	[NOTICE-000]	[[NOTICE-000]]	MIGRATE	fillable-slot
governance/change-log.md	368	5	Claim/Source	[Claim/Source]	[[Claim/Source]]	MIGRATE	fillable-slot
governance/change-log.md	368	23	CLM-000	[CLM-000]	[[CLM-000]]	MIGRATE	fillable-slot
governance/change-log.md	368	40	旧状态	[旧状态]	[[旧状态]]	MIGRATE	fillable-slot
governance/change-log.md	368	51	新状态	[新状态]	[[新状态]]	MIGRATE	fillable-slot
governance/change-log.md	368	61	SRC-000	[SRC-000]	[[SRC-000]]	MIGRATE	fillable-slot
governance/change-log.md	368	76	限制	[限制]	[[限制]]	MIGRATE	fillable-slot
governance/change-log.md	368	84	NOTICE-000	[NOTICE-000]	[[NOTICE-000]]	MIGRATE	fillable-slot
governance/change-log.md	372	5	生产决策	[生产决策]	[[生产决策]]	MIGRATE	fillable-slot
governance/change-log.md	372	17	旧方案	[旧方案]	[[旧方案]]	MIGRATE	fillable-slot
governance/change-log.md	372	28	新方案	[新方案]	[[新方案]]	MIGRATE	fillable-slot
governance/change-log.md	372	38	预算/安全/AI 可行性/排期	[预算/安全/AI 可行性/排期]	[[预算/安全/AI 可行性/排期]]	MIGRATE	fillable-slot
governance/change-log.md	372	59	镜头/资产/时长	[镜头/资产/时长]	[[镜头/资产/时长]]	MIGRATE	fillable-slot
governance/change-log.md	372	73	NOTICE-000	[NOTICE-000]	[[NOTICE-000]]	MIGRATE	fillable-slot
governance/change-log.md	376	5	权利决策	[权利决策]	[[权利决策]]	MIGRATE	fillable-slot
governance/change-log.md	376	15	对象	[对象]	[[对象]]	MIGRATE	fillable-slot
governance/change-log.md	376	24	旧状态	[旧状态]	[[旧状态]]	MIGRATE	fillable-slot
governance/change-log.md	376	35	新状态	[新状态]	[[新状态]]	MIGRATE	fillable-slot
governance/change-log.md	376	45	替换/授权/移除/法务确认	[替换/授权/移除/法务确认]	[[替换/授权/移除/法务确认]]	MIGRATE	fillable-slot
governance/change-log.md	376	64	NOTICE-000	[NOTICE-000]	[[NOTICE-000]]	MIGRATE	fillable-slot
governance/change-log.md	380	5	风险	[风险]	[[风险]]	MIGRATE	fillable-slot
governance/change-log.md	380	15	OPEN/MITIGATED	[OPEN/MITIGATED]	[[OPEN/MITIGATED]]	MIGRATE	fillable-slot
governance/change-log.md	380	37	ACCEPTED/CLOSED	[ACCEPTED/CLOSED]	[[ACCEPTED/CLOSED]]	MIGRATE	fillable-slot
governance/change-log.md	380	59	理由	[理由]	[[理由]]	MIGRATE	fillable-slot
governance/change-log.md	380	69	措施	[措施]	[[措施]]	MIGRATE	fillable-slot
governance/change-log.md	380	78	角色	[角色]	[[角色]]	MIGRATE	fillable-slot
governance/change-log.md	380	86	日期	[日期]	[[日期]]	MIGRATE	fillable-slot
governance/change-log.md	386	16	变化名称	[变化名称]	[[变化名称]]	MIGRATE	fillable-slot
governance/change-log.md	387	9	旧事实/文件/流程	[旧事实/文件/流程]	[[旧事实/文件/流程]]	MIGRATE	fillable-slot
governance/change-log.md	388	9	新事实/文件/流程	[新事实/文件/流程]	[[新事实/文件/流程]]	MIGRATE	fillable-slot
governance/change-log.md	389	13	具体原因	[具体原因]	[[具体原因]]	MIGRATE	fillable-slot
governance/change-log.md	390	10	文件、场景、资产、镜头、配音、字幕、UI、研究或制作包	[文件、场景、资产、镜头、配音、字幕、UI、研究或制作包]	[[文件、场景、资产、镜头、配音、字幕、UI、研究或制作包]]	MIGRATE	fillable-slot
governance/change-log.md	391	11	范围	[范围]	[[范围]]	MIGRATE	fillable-slot
governance/change-log.md	392	10	范围/例外	[范围/例外]	[[范围/例外]]	MIGRATE	fillable-slot
governance/change-log.md	393	10	条件	[条件]	[[条件]]	MIGRATE	fillable-slot
governance/change-log.md	394	8	NOTICE-000	[NOTICE-000]	[[NOTICE-000]]	MIGRATE	fillable-slot
governance/change-log.md	471	3	 	[ ]	[ ]	PRESERVE	markdown-checkbox
governance/change-log.md	472	3	 	[ ]	[ ]	PRESERVE	markdown-checkbox
governance/change-log.md	473	3	 	[ ]	[ ]	PRESERVE	markdown-checkbox
governance/change-log.md	474	3	 	[ ]	[ ]	PRESERVE	markdown-checkbox
governance/change-log.md	474	23	编号	[编号]	[[编号]]	MIGRATE	fillable-slot
governance/change-log.md	475	3	 	[ ]	[ ]	PRESERVE	markdown-checkbox
governance/change-log.md	476	3	 	[ ]	[ ]	PRESERVE	markdown-checkbox
governance/change-log.md	477	3	 	[ ]	[ ]	PRESERVE	markdown-checkbox
governance/change-log.md	478	3	 	[ ]	[ ]	PRESERVE	markdown-checkbox
governance/change-log.md	479	3	 	[ ]	[ ]	PRESERVE	markdown-checkbox
governance/change-log.md	480	3	 	[ ]	[ ]	PRESERVE	markdown-checkbox
governance/change-log.md	484	3	 	[ ]	[ ]	PRESERVE	markdown-checkbox
governance/change-log.md	485	3	 	[ ]	[ ]	PRESERVE	markdown-checkbox
governance/change-log.md	486	3	 	[ ]	[ ]	PRESERVE	markdown-checkbox
governance/change-log.md	487	3	 	[ ]	[ ]	PRESERVE	markdown-checkbox
governance/change-log.md	488	3	 	[ ]	[ ]	PRESERVE	markdown-checkbox
governance/change-log.md	489	3	 	[ ]	[ ]	PRESERVE	markdown-checkbox
governance/change-log.md	490	3	 	[ ]	[ ]	PRESERVE	markdown-checkbox
governance/change-log.md	494	3	 	[ ]	[ ]	PRESERVE	markdown-checkbox
governance/change-log.md	495	3	 	[ ]	[ ]	PRESERVE	markdown-checkbox
governance/change-log.md	496	3	 	[ ]	[ ]	PRESERVE	markdown-checkbox
governance/change-log.md	497	3	 	[ ]	[ ]	PRESERVE	markdown-checkbox
governance/change-log.md	498	3	 	[ ]	[ ]	PRESERVE	markdown-checkbox
governance/change-log.md	499	3	 	[ ]	[ ]	PRESERVE	markdown-checkbox
governance/change-log.md	500	3	 	[ ]	[ ]	PRESERVE	markdown-checkbox
governance/change-log.md	566	4	Unreleased	[Unreleased]	[Unreleased]	PRESERVE	fixed-changelog-label
governance/change-log.md	570	4	ARCH-001	[ARCH-001]	[ARCH-001]	PRESERVE	fixed-changelog-label
governance/change-log.md	574	4	ARCH-002	[ARCH-002]	[ARCH-002]	PRESERVE	fixed-changelog-label
governance/change-log.md	578	4	ARCH-003	[ARCH-003]	[ARCH-003]	PRESERVE	fixed-changelog-label
governance/change-log.md	582	4	ARCH-001	[ARCH-001]	[ARCH-001]	PRESERVE	fixed-changelog-label
governance/change-log.md	586	4	v0.1.0	[v0.1.0]	[v0.1.0]	PRESERVE	fixed-changelog-label
governance/change-log.md	586	15	YYYY-MM-DD	[YYYY-MM-DD]	[[YYYY-MM-DD]]	MIGRATE	fillable-slot
governance/change-log.md	591	13	待补	[待补]	[[待补]]	MIGRATE	fillable-slot
governance/compatibility-matrix.md	10	19	SLUG	[SLUG]	[[SLUG]]	MIGRATE	fillable-slot
governance/compatibility-matrix.md	11	20	SLUG	[SLUG]	[[SLUG]]	MIGRATE	fillable-slot
governance/compatibility-matrix.md	20	49	SLUG	[SLUG]	[[SLUG]]	MIGRATE	fillable-slot
governance/compatibility-matrix.md	20	73	SLUG	[SLUG]	[[SLUG]]	MIGRATE	fillable-slot
governance/compatibility-matrix.md	20	100	ID	[ID]	[[ID]]	MIGRATE	fillable-slot
governance/compatibility-matrix.md	21	52	SLUG	[SLUG]	[[SLUG]]	MIGRATE	fillable-slot
governance/compatibility-matrix.md	21	76	SLUG	[SLUG]	[[SLUG]]	MIGRATE	fillable-slot
governance/compatibility-matrix.md	21	103	ID	[ID]	[[ID]]	MIGRATE	fillable-slot
governance/compatibility-matrix.md	22	7	ID	[ID]	[[ID]]	MIGRATE	fillable-slot
governance/compatibility-matrix.md	22	52	SLUG	[SLUG]	[[SLUG]]	MIGRATE	fillable-slot
governance/compatibility-matrix.md	22	76	SLUG	[SLUG]	[[SLUG]]	MIGRATE	fillable-slot
governance/compatibility-matrix.md	22	103	ID	[ID]	[[ID]]	MIGRATE	fillable-slot
governance/control-plane-contract.md	15	16	NOTICE-CONTRACT-001	[NOTICE-CONTRACT-001]	[NOTICE-CONTRACT-001]	PRESERVE	frontmatter-list-syntax
governance/control-plane-contract.md	165	12	集数	[集数]	[[集数]]	MIGRATE	fillable-slot
governance/control-plane-contract.md	166	10	NNN	[NNN]	[[NNN]]	MIGRATE	fillable-slot
governance/notices/NOTICE-CONTRACT-001.md	9	15	CONTRACT-PROFESSIONAL-SCREENWRITER	[CONTRACT-PROFESSIONAL-SCREENWRITER]	[CONTRACT-PROFESSIONAL-SCREENWRITER]	PRESERVE	frontmatter-list-syntax
governance/notices/NOTICE-CONTRACT-001.md	12	16	PLAN-v1.0.7, PHASE-1-COMPLETE, WP2A, WP2C	[PLAN-v1.0.7, PHASE-1-COMPLETE, WP2A, WP2C]	[PLAN-v1.0.7, PHASE-1-COMPLETE, WP2A, WP2C]	PRESERVE	frontmatter-list-syntax
governance/notices/NOTICE-CONTRACT-001.md	14	15	CONTRACT-PROFESSIONAL-SCREENWRITER, PROJECT-PROFESSIONAL-SCREENWRITER	[CONTRACT-PROFESSIONAL-SCREENWRITER, PROJECT-PROFESSIONAL-SCREENWRITER]	[CONTRACT-PROFESSIONAL-SCREENWRITER, PROJECT-PROFESSIONAL-SCREENWRITER]	PRESERVE	frontmatter-list-syntax
governance/notices/NOTICE-CONTRACT-001.md	15	17	governance/**, templates/**, scripts/**, tests/**, LICENSES/**, SKILL.md, references/**, examples/**	[governance/**, templates/**, scripts/**, tests/**, LICENSES/**, SKILL.md, references/**, examples/**]	[governance/**, templates/**, scripts/**, tests/**, LICENSES/**, SKILL.md, references/**, examples/**]	PRESERVE	frontmatter-list-syntax
governance/notices/NOTICE-CONTRACT-001.md	16	11	BASELINE, SCHEMA, UPSTREAM, RIGHTS, PRODUCTION	[BASELINE, SCHEMA, UPSTREAM, RIGHTS, PRODUCTION]	[BASELINE, SCHEMA, UPSTREAM, RIGHTS, PRODUCTION]	PRESERVE	frontmatter-list-syntax
governance/notices/NOTICE-CONTRACT-001.md	17	18	MIG-CONTRACT-001	[MIG-CONTRACT-001]	[MIG-CONTRACT-001]	PRESERVE	frontmatter-list-syntax
governance/open-questions.md	38	19	0-9A-Za-z	[0-9A-Za-z]	[0-9A-Za-z]	PRESERVE	regex-character-class
governance/open-questions.md	38	39	0-9	[0-9]	[0-9]	PRESERVE	regex-character-class
governance/project-manifest.md	13	16	NOTICE-CONTRACT-001	[NOTICE-CONTRACT-001]	[NOTICE-CONTRACT-001]	PRESERVE	frontmatter-list-syntax
governance/project-manifest.md	25	3	project-root	[project-root]	[[project-root]]	MIGRATE	fillable-slot
governance/project-manifest.md	132	10	中文名称	[中文名称]	[[中文名称]]	MIGRATE	fillable-slot
governance/project-manifest.md	133	13	英文名或工作名	[英文名或工作名]	[[英文名或工作名]]	MIGRATE	fillable-slot
governance/project-manifest.md	134	11	PROJECT_ID	[PROJECT_ID]	[[PROJECT_ID]]	MIGRATE	fillable-slot
governance/project-manifest.md	135	13	project-slug	[project-slug]	[[project-slug]]	MIGRATE	fillable-slot
governance/project-manifest.md	136	21	MAJOR	[MAJOR]	[[MAJOR]]	MIGRATE	fillable-slot
governance/project-manifest.md	136	29	MINOR	[MINOR]	[[MINOR]]	MIGRATE	fillable-slot
governance/project-manifest.md	136	37	PATCH	[PATCH]	[[PATCH]]	MIGRATE	fillable-slot
governance/project-manifest.md	139	10	YYYY-MM-DD	[YYYY-MM-DD]	[[YYYY-MM-DD]]	MIGRATE	fillable-slot
governance/project-manifest.md	140	10	YYYY-MM-DD	[YYYY-MM-DD]	[[YYYY-MM-DD]]	MIGRATE	fillable-slot
governance/project-manifest.md	141	11	姓名 / 角色	[姓名 / 角色]	[[姓名 / 角色]]	MIGRATE	fillable-slot
governance/project-manifest.md	142	11	姓名 / 角色	[姓名 / 角色]	[[姓名 / 角色]]	MIGRATE	fillable-slot
governance/project-manifest.md	143	11	姓名 / 角色	[姓名 / 角色]	[[姓名 / 角色]]	MIGRATE	fillable-slot
governance/project-manifest.md	144	11	姓名 / 角色	[姓名 / 角色]	[[姓名 / 角色]]	MIGRATE	fillable-slot
governance/project-manifest.md	147	10	UTC / 指定时区	[UTC / 指定时区]	[[UTC / 指定时区]]	MIGRATE	fillable-slot
governance/project-manifest.md	174	3	非目标 1	[非目标 1]	[[非目标 1]]	MIGRATE	fillable-slot
governance/project-manifest.md	175	3	非目标 2	[非目标 2]	[[非目标 2]]	MIGRATE	fillable-slot
governance/project-manifest.md	176	3	非目标 3	[非目标 3]	[[非目标 3]]	MIGRATE	fillable-slot
governance/project-manifest.md	213	10	如适用	[如适用]	[[如适用]]	MIGRATE	fillable-slot
governance/project-manifest.md	261	3	填写本项目具体交付条件	[填写本项目具体交付条件]	[[填写本项目具体交付条件]]	MIGRATE	fillable-slot
governance/project-manifest.md	262	3	填写审查/锁定条件	[填写审查/锁定条件]	[[填写审查/锁定条件]]	MIGRATE	fillable-slot
governance/project-manifest.md	263	3	填写生产与发布条件	[填写生产与发布条件]	[[填写生产与发布条件]]	MIGRATE	fillable-slot
governance/project-manifest.md	288	1	观众最初为什么点开？	[观众最初为什么点开？]	[[观众最初为什么点开？]]	MIGRATE	fillable-slot
governance/project-manifest.md	291	1	观众为什么继续？	[观众为什么继续？]	[[观众为什么继续？]]	MIGRATE	fillable-slot
governance/project-manifest.md	294	1	观众应持续感到什么？	[观众应持续感到什么？]	[[观众应持续感到什么？]]	MIGRATE	fillable-slot
governance/project-manifest.md	297	1	观众最终会获得何种兑现？	[观众最终会获得何种兑现？]	[[观众最终会获得何种兑现？]]	MIGRATE	fillable-slot
governance/project-manifest.md	300	1	它与同类项目最关键的不同是什么？	[它与同类项目最关键的不同是什么？]	[[它与同类项目最关键的不同是什么？]]	MIGRATE	fillable-slot
governance/project-manifest.md	308	3	例如：不以“凶手是谁”作为长线钩子，若作品不准备给出公平解答	[例如：不以“凶手是谁”作为长线钩子，若作品不准备给出公平解答]	[[例如：不以“凶手是谁”作为长线钩子，若作品不准备给出公平解答]]	MIGRATE	fillable-slot
governance/project-manifest.md	309	3	例如：不以真实医疗/法律准确性作为营销卖点，若未完成专业审阅	[例如：不以真实医疗/法律准确性作为营销卖点，若未完成专业审阅]	[[例如：不以真实医疗/法律准确性作为营销卖点，若未完成专业审阅]]	MIGRATE	fillable-slot
governance/project-manifest.md	310	3	例如：不承诺高规模灾难全景，若制作条件只支持局部灾难表达	[例如：不承诺高规模灾难全景，若制作条件只支持局部灾难表达]	[[例如：不承诺高规模灾难全景，若制作条件只支持局部灾难表达]]	MIGRATE	fillable-slot
governance/project-manifest.md	324	1	主角	[主角]	[[主角]]	MIGRATE	fillable-slot
governance/project-manifest.md	324	9	外部行动	[外部行动]	[[外部行动]]	MIGRATE	fillable-slot
governance/project-manifest.md	325	4	失败代价	[失败代价]	[[失败代价]]	MIGRATE	fillable-slot
governance/project-manifest.md	326	3	主要阻碍/对手	[主要阻碍/对手]	[[主要阻碍/对手]]	MIGRATE	fillable-slot
governance/project-manifest.md	327	7	核心内在代价或选择	[核心内在代价或选择]	[[核心内在代价或选择]]	MIGRATE	fillable-slot
governance/project-manifest.md	333	1	项目必须在结局前回答的戏剧问题。	[项目必须在结局前回答的戏剧问题。]	[[项目必须在结局前回答的戏剧问题。]]	MIGRATE	fillable-slot
governance/project-manifest.md	339	1	通过人物选择可被检验的价值命题。	[通过人物选择可被检验的价值命题。]	[[通过人物选择可被检验的价值命题。]]	MIGRATE	fillable-slot
governance/project-manifest.md	345	1	对手、旧策略或世界系统所代表的反命题。	[对手、旧策略或世界系统所代表的反命题。]	[[对手、旧策略或世界系统所代表的反命题。]]	MIGRATE	fillable-slot
governance/project-manifest.md	468	1	PROJECT vX.Y.Z	[PROJECT vX.Y.Z]	[[PROJECT vX.Y.Z]]	MIGRATE	fillable-slot
governance/project-manifest.md	471	1	BIBLE vX.Y.Z	[BIBLE vX.Y.Z]	[[BIBLE vX.Y.Z]]	MIGRATE	fillable-slot
governance/project-manifest.md	474	1	OUTLINE vX.Y.Z	[OUTLINE vX.Y.Z]	[[OUTLINE vX.Y.Z]]	MIGRATE	fillable-slot
governance/project-manifest.md	477	1	SCRIPT vX.Y.Z	[SCRIPT vX.Y.Z]	[[SCRIPT vX.Y.Z]]	MIGRATE	fillable-slot
governance/project-manifest.md	480	1	PROD vX.Y.Z	[PROD vX.Y.Z]	[[PROD vX.Y.Z]]	MIGRATE	fillable-slot
governance/project-manifest.md	483	1	兼容 / 部分兼容 / 不兼容	[兼容 / 部分兼容 / 不兼容]	[[兼容 / 部分兼容 / 不兼容]]	MIGRATE	fillable-slot
governance/project-manifest.md	486	1	说明原因、阻断范围、关联 NOTICE 与恢复计划。	[说明原因、阻断范围、关联 NOTICE 与恢复计划。]	[[说明原因、阻断范围、关联 NOTICE 与恢复计划。]]	MIGRATE	fillable-slot
governance/project-manifest.md	661	3	 	[ ]	[ ]	PRESERVE	markdown-checkbox
governance/project-manifest.md	662	3	 	[ ]	[ ]	PRESERVE	markdown-checkbox
governance/project-manifest.md	663	3	 	[ ]	[ ]	PRESERVE	markdown-checkbox
governance/project-manifest.md	664	3	 	[ ]	[ ]	PRESERVE	markdown-checkbox
governance/project-manifest.md	665	3	 	[ ]	[ ]	PRESERVE	markdown-checkbox
governance/project-manifest.md	666	3	 	[ ]	[ ]	PRESERVE	markdown-checkbox
governance/project-manifest.md	667	3	 	[ ]	[ ]	PRESERVE	markdown-checkbox
governance/project-manifest.md	668	3	 	[ ]	[ ]	PRESERVE	markdown-checkbox
governance/project-manifest.md	692	1	填写阶段	[填写阶段]	[[填写阶段]]	MIGRATE	fillable-slot
governance/project-manifest.md	695	1	填写	[填写]	[[填写]]	MIGRATE	fillable-slot
governance/project-manifest.md	698	3	事项	[事项]	[[事项]]	MIGRATE	fillable-slot
governance/project-manifest.md	699	3	事项	[事项]	[[事项]]	MIGRATE	fillable-slot
governance/project-manifest.md	702	3	事项	[事项]	[[事项]]	MIGRATE	fillable-slot
governance/project-manifest.md	703	3	事项	[事项]	[[事项]]	MIGRATE	fillable-slot
governance/project-manifest.md	718	1	例如：Story Bible v1.0 锁定	[例如：Story Bible v1.0 锁定]	[[例如：Story Bible v1.0 锁定]]	MIGRATE	fillable-slot
governance/project-manifest.md	721	3	 	[ ]	[ ]	PRESERVE	markdown-checkbox
governance/project-manifest.md	722	3	 	[ ]	[ ]	PRESERVE	markdown-checkbox
governance/project-manifest.md	723	3	 	[ ]	[ ]	PRESERVE	markdown-checkbox
governance/project-manifest.md	724	3	 	[ ]	[ ]	PRESERVE	markdown-checkbox
governance/project-manifest.md	725	3	 	[ ]	[ ]	PRESERVE	markdown-checkbox
governance/project-manifest.md	726	3	 	[ ]	[ ]	PRESERVE	markdown-checkbox
governance/project-manifest.md	727	3	 	[ ]	[ ]	PRESERVE	markdown-checkbox
governance/project-manifest.md	730	3	填写本项目不可接受的条件	[填写本项目不可接受的条件]	[[填写本项目不可接受的条件]]	MIGRATE	fillable-slot
governance/project-manifest.md	809	3	 	[ ]	[ ]	PRESERVE	markdown-checkbox
governance/project-manifest.md	810	3	 	[ ]	[ ]	PRESERVE	markdown-checkbox
governance/project-manifest.md	811	3	 	[ ]	[ ]	PRESERVE	markdown-checkbox
governance/project-manifest.md	812	3	 	[ ]	[ ]	PRESERVE	markdown-checkbox
governance/project-manifest.md	813	3	 	[ ]	[ ]	PRESERVE	markdown-checkbox
governance/project-manifest.md	814	3	 	[ ]	[ ]	PRESERVE	markdown-checkbox
governance/project-manifest.md	815	3	 	[ ]	[ ]	PRESERVE	markdown-checkbox
governance/project-manifest.md	816	3	 	[ ]	[ ]	PRESERVE	markdown-checkbox
governance/project-manifest.md	817	3	 	[ ]	[ ]	PRESERVE	markdown-checkbox
governance/project-manifest.md	818	3	 	[ ]	[ ]	PRESERVE	markdown-checkbox
governance/project-manifest.md	819	3	 	[ ]	[ ]	PRESERVE	markdown-checkbox
governance/project-manifest.md	820	3	 	[ ]	[ ]	PRESERVE	markdown-checkbox
governance/project-manifest.md	821	3	 	[ ]	[ ]	PRESERVE	markdown-checkbox
governance/source-links.md	27	16	项目缩写	[项目缩写]	[[项目缩写]]	MIGRATE	fillable-slot
governance/source-links.md	27	24	版本	[版本]	[[版本]]	MIGRATE	fillable-slot
governance/source-links.md	74	10	项目名称	[项目名称]	[[项目名称]]	MIGRATE	fillable-slot
governance/source-links.md	75	11	PROJECT_ID	[PROJECT_ID]	[[PROJECT_ID]]	MIGRATE	fillable-slot
governance/source-links.md	76	11	00	[00]	[[00]]	MIGRATE	fillable-slot
governance/source-links.md	78	9	姓名 / 角色	[姓名 / 角色]	[[姓名 / 角色]]	MIGRATE	fillable-slot
governance/source-links.md	79	10	YYYY-MM-DD	[YYYY-MM-DD]	[[YYYY-MM-DD]]	MIGRATE	fillable-slot
governance/source-links.md	81	20	文件路径 / 版本	[文件路径 / 版本]	[[文件路径 / 版本]]	MIGRATE	fillable-slot
governance/source-links.md	82	12	文件路径 / 版本	[文件路径 / 版本]	[[文件路径 / 版本]]	MIGRATE	fillable-slot
governance/source-links.md	83	12	NOTICE 编号	[NOTICE 编号]	[[NOTICE 编号]]	MIGRATE	fillable-slot
governance/source-links.md	84	12	文件路径 / 版本	[文件路径 / 版本]	[[文件路径 / 版本]]	MIGRATE	fillable-slot
governance/source-links.md	85	16	指定时区	[指定时区]	[[指定时区]]	MIGRATE	fillable-slot
governance/source-links.md	86	18	编号	[编号]	[[编号]]	MIGRATE	fillable-slot
governance/source-links.md	152	22	日期	[日期]	[[日期]]	MIGRATE	fillable-slot
governance/source-links.md	155	1	不超过必要长度的摘要，或页面章节标题/段落位置。	[不超过必要长度的摘要，或页面章节标题/段落位置。]	[[不超过必要长度的摘要，或页面章节标题/段落位置。]]	MIGRATE	fillable-slot
governance/source-links.md	220	9	编号	[编号]	[[编号]]	MIGRATE	fillable-slot
governance/source-links.md	220	14	简短主张	[简短主张]	[[简短主张]]	MIGRATE	fillable-slot
governance/source-links.md	233	10	YYYY-MM-DD	[YYYY-MM-DD]	[[YYYY-MM-DD]]	MIGRATE	fillable-slot
governance/source-links.md	234	10	YYYY-MM-DD / 事件触发	[YYYY-MM-DD / 事件触发]	[[YYYY-MM-DD / 事件触发]]	MIGRATE	fillable-slot
governance/source-links.md	241	7	编号	[编号]	[[编号]]	MIGRATE	fillable-slot
governance/source-links.md	247	1	该主张可以如何有限地进入 Story Bible、剧本、制作文件。	[该主张可以如何有限地进入 Story Bible、剧本、制作文件。]	[[该主张可以如何有限地进入 Story Bible、剧本、制作文件。]]	MIGRATE	fillable-slot
governance/source-links.md	250	1	该主张不能支持的推论、具体操作、法律/医疗结论或现实指控。	[该主张不能支持的推论、具体操作、法律/医疗结论或现实指控。]	[[该主张不能支持的推论、具体操作、法律/医疗结论或现实指控。]]	MIGRATE	fillable-slot
governance/source-links.md	253	1	填写。	[填写。]	[[填写。]]	MIGRATE	fillable-slot
governance/source-links.md	284	9	编号	[编号]	[[编号]]	MIGRATE	fillable-slot
governance/source-links.md	284	14	来源标题	[来源标题]	[[来源标题]]	MIGRATE	fillable-slot
governance/source-links.md	296	10	YYYY-MM-DD / 不明	[YYYY-MM-DD / 不明]	[[YYYY-MM-DD / 不明]]	MIGRATE	fillable-slot
governance/source-links.md	297	10	YYYY-MM-DD / 不明	[YYYY-MM-DD / 不明]	[[YYYY-MM-DD / 不明]]	MIGRATE	fillable-slot
governance/source-links.md	298	13	YYYY-MM-DD HH:MM 时区	[YYYY-MM-DD HH:MM 时区]	[[YYYY-MM-DD HH:MM 时区]]	MIGRATE	fillable-slot
governance/source-links.md	303	10	如适用	[如适用]	[[如适用]]	MIGRATE	fillable-slot
governance/source-links.md	334	12	仅必要短语；如不适宜，留空	[仅必要短语；如不适宜，留空]	[[仅必要短语；如不适宜，留空]]	MIGRATE	fillable-slot
governance/source-links.md	336	22	编号	[编号]	[[编号]]	MIGRATE	fillable-slot
governance/source-links.md	364	27	编号	[编号]	[[编号]]	MIGRATE	fillable-slot
governance/source-links.md	492	17	编号	[编号]	[[编号]]	MIGRATE	fillable-slot
governance/source-links.md	533	37	编号	[编号]	[[编号]]	MIGRATE	fillable-slot
governance/source-links.md	545	7	编号	[编号]	[[编号]]	MIGRATE	fillable-slot
governance/source-links.md	566	3	 	[ ]	[ ]	PRESERVE	markdown-checkbox
governance/source-links.md	567	3	 	[ ]	[ ]	PRESERVE	markdown-checkbox
governance/source-links.md	568	3	 	[ ]	[ ]	PRESERVE	markdown-checkbox
governance/source-links.md	569	3	 	[ ]	[ ]	PRESERVE	markdown-checkbox
governance/source-links.md	570	3	 	[ ]	[ ]	PRESERVE	markdown-checkbox
governance/source-links.md	571	3	 	[ ]	[ ]	PRESERVE	markdown-checkbox
governance/source-links.md	577	7	编号	[编号]	[[编号]]	MIGRATE	fillable-slot
governance/source-links.md	581	3	 	[ ]	[ ]	PRESERVE	markdown-checkbox
governance/source-links.md	582	3	 	[ ]	[ ]	PRESERVE	markdown-checkbox
governance/source-links.md	583	3	 	[ ]	[ ]	PRESERVE	markdown-checkbox
governance/source-links.md	584	3	 	[ ]	[ ]	PRESERVE	markdown-checkbox
governance/source-links.md	585	3	 	[ ]	[ ]	PRESERVE	markdown-checkbox
governance/source-links.md	591	7	编号	[编号]	[[编号]]	MIGRATE	fillable-slot
governance/source-links.md	595	3	 	[ ]	[ ]	PRESERVE	markdown-checkbox
governance/source-links.md	596	3	 	[ ]	[ ]	PRESERVE	markdown-checkbox
governance/source-links.md	597	3	 	[ ]	[ ]	PRESERVE	markdown-checkbox
governance/source-links.md	598	3	 	[ ]	[ ]	PRESERVE	markdown-checkbox
governance/source-links.md	599	3	 	[ ]	[ ]	PRESERVE	markdown-checkbox
governance/source-links.md	609	7	编号	[编号]	[[编号]]	MIGRATE	fillable-slot
governance/source-links.md	636	7	编号	[编号]	[[编号]]	MIGRATE	fillable-slot
governance/source-links.md	730	3	 	[ ]	[ ]	PRESERVE	markdown-checkbox
governance/source-links.md	731	3	 	[ ]	[ ]	PRESERVE	markdown-checkbox
governance/source-links.md	732	3	 	[ ]	[ ]	PRESERVE	markdown-checkbox
governance/source-links.md	733	3	 	[ ]	[ ]	PRESERVE	markdown-checkbox
governance/source-links.md	734	3	 	[ ]	[ ]	PRESERVE	markdown-checkbox
governance/source-links.md	735	3	 	[ ]	[ ]	PRESERVE	markdown-checkbox
governance/source-links.md	736	3	 	[ ]	[ ]	PRESERVE	markdown-checkbox
governance/source-links.md	737	3	 	[ ]	[ ]	PRESERVE	markdown-checkbox
governance/source-links.md	738	3	 	[ ]	[ ]	PRESERVE	markdown-checkbox
governance/source-links.md	739	3	 	[ ]	[ ]	PRESERVE	markdown-checkbox
governance/source-links.md	740	3	 	[ ]	[ ]	PRESERVE	markdown-checkbox
governance/source-links.md	741	3	 	[ ]	[ ]	PRESERVE	markdown-checkbox
governance/source-links.md	742	3	 	[ ]	[ ]	PRESERVE	markdown-checkbox
governance/source-links.md	743	3	 	[ ]	[ ]	PRESERVE	markdown-checkbox
governance/source-links.md	744	3	 	[ ]	[ ]	PRESERVE	markdown-checkbox
governance/upstream-notices.md	20	10	项目缩写	[项目缩写]	[[项目缩写]]	MIGRATE	fillable-slot
governance/upstream-notices.md	20	17	通知编号	[通知编号]	[[通知编号]]	MIGRATE	fillable-slot
governance/upstream-notices.md	20	24	简述	[简述]	[[简述]]	MIGRATE	fillable-slot
governance/upstream-notices.md	34	12	PROJECT	[PROJECT]	[[PROJECT]]	MIGRATE	fillable-slot
governance/upstream-notices.md	34	33	slug	[slug]	[[slug]]	MIGRATE	fillable-slot
governance/upstream-notices.md	35	12	PROJECT	[PROJECT]	[[PROJECT]]	MIGRATE	fillable-slot
governance/upstream-notices.md	35	33	slug	[slug]	[[slug]]	MIGRATE	fillable-slot
governance/upstream-notices.md	135	10	项目名称	[项目名称]	[[项目名称]]	MIGRATE	fillable-slot
governance/upstream-notices.md	136	11	PROJECT_ID	[PROJECT_ID]	[[PROJECT_ID]]	MIGRATE	fillable-slot
governance/upstream-notices.md	137	17	000	[000]	[[000]]	MIGRATE	fillable-slot
governance/upstream-notices.md	138	10	简明、可检索的变更名称	[简明、可检索的变更名称]	[[简明、可检索的变更名称]]	MIGRATE	fillable-slot
governance/upstream-notices.md	143	9	姓名 / 角色	[姓名 / 角色]	[[姓名 / 角色]]	MIGRATE	fillable-slot
governance/upstream-notices.md	144	9	姓名 / 角色	[姓名 / 角色]	[[姓名 / 角色]]	MIGRATE	fillable-slot
governance/upstream-notices.md	145	10	YYYY-MM-DD	[YYYY-MM-DD]	[[YYYY-MM-DD]]	MIGRATE	fillable-slot
governance/upstream-notices.md	146	12	YYYY-MM-DD	[YYYY-MM-DD]	[[YYYY-MM-DD]]	MIGRATE	fillable-slot
governance/upstream-notices.md	148	12	编号	[编号]	[[编号]]	MIGRATE	fillable-slot
governance/upstream-notices.md	149	15	编号	[编号]	[[编号]]	MIGRATE	fillable-slot
governance/upstream-notices.md	150	19	编号	[编号]	[[编号]]	MIGRATE	fillable-slot
governance/upstream-notices.md	151	23	版本 / 路径	[版本 / 路径]	[[版本 / 路径]]	MIGRATE	fillable-slot
governance/upstream-notices.md	152	10	变更前项目版本	[变更前项目版本]	[[变更前项目版本]]	MIGRATE	fillable-slot
governance/upstream-notices.md	153	10	变更后项目版本	[变更后项目版本]	[[变更后项目版本]]	MIGRATE	fillable-slot
governance/upstream-notices.md	195	3	 	[ ]	[ ]	PRESERVE	markdown-checkbox
governance/upstream-notices.md	196	3	 	[ ]	[ ]	PRESERVE	markdown-checkbox
governance/upstream-notices.md	197	3	 	[ ]	[ ]	PRESERVE	markdown-checkbox
governance/upstream-notices.md	198	3	 	[ ]	[ ]	PRESERVE	markdown-checkbox
governance/upstream-notices.md	199	3	 	[ ]	[ ]	PRESERVE	markdown-checkbox
governance/upstream-notices.md	200	3	 	[ ]	[ ]	PRESERVE	markdown-checkbox
governance/upstream-notices.md	201	3	 	[ ]	[ ]	PRESERVE	markdown-checkbox
governance/upstream-notices.md	202	3	 	[ ]	[ ]	PRESERVE	markdown-checkbox
governance/upstream-notices.md	203	3	 	[ ]	[ ]	PRESERVE	markdown-checkbox
governance/upstream-notices.md	204	3	 	[ ]	[ ]	PRESERVE	markdown-checkbox
governance/upstream-notices.md	205	3	 	[ ]	[ ]	PRESERVE	markdown-checkbox
governance/upstream-notices.md	206	3	 	[ ]	[ ]	PRESERVE	markdown-checkbox
governance/upstream-notices.md	207	3	 	[ ]	[ ]	PRESERVE	markdown-checkbox
governance/upstream-notices.md	286	8	000	[000]	[[000]]	MIGRATE	fillable-slot
governance/upstream-notices.md	292	12	000	[000]	[[000]]	MIGRATE	fillable-slot
governance/upstream-notices.md	329	3	 	[ ]	[ ]	PRESERVE	markdown-checkbox
governance/upstream-notices.md	330	3	 	[ ]	[ ]	PRESERVE	markdown-checkbox
governance/upstream-notices.md	331	3	 	[ ]	[ ]	PRESERVE	markdown-checkbox
governance/upstream-notices.md	332	3	 	[ ]	[ ]	PRESERVE	markdown-checkbox
governance/upstream-notices.md	351	3	 	[ ]	[ ]	PRESERVE	markdown-checkbox
governance/upstream-notices.md	352	3	 	[ ]	[ ]	PRESERVE	markdown-checkbox
governance/upstream-notices.md	353	3	 	[ ]	[ ]	PRESERVE	markdown-checkbox
governance/upstream-notices.md	354	3	 	[ ]	[ ]	PRESERVE	markdown-checkbox
governance/upstream-notices.md	355	3	 	[ ]	[ ]	PRESERVE	markdown-checkbox
governance/upstream-notices.md	375	3	 	[ ]	[ ]	PRESERVE	markdown-checkbox
governance/upstream-notices.md	376	3	 	[ ]	[ ]	PRESERVE	markdown-checkbox
governance/upstream-notices.md	377	3	 	[ ]	[ ]	PRESERVE	markdown-checkbox
governance/upstream-notices.md	378	3	 	[ ]	[ ]	PRESERVE	markdown-checkbox
governance/upstream-notices.md	379	3	 	[ ]	[ ]	PRESERVE	markdown-checkbox
governance/upstream-notices.md	380	3	 	[ ]	[ ]	PRESERVE	markdown-checkbox
governance/upstream-notices.md	381	3	 	[ ]	[ ]	PRESERVE	markdown-checkbox
governance/upstream-notices.md	382	3	 	[ ]	[ ]	PRESERVE	markdown-checkbox
governance/upstream-notices.md	401	3	 	[ ]	[ ]	PRESERVE	markdown-checkbox
governance/upstream-notices.md	402	3	 	[ ]	[ ]	PRESERVE	markdown-checkbox
governance/upstream-notices.md	403	3	 	[ ]	[ ]	PRESERVE	markdown-checkbox
governance/upstream-notices.md	404	3	 	[ ]	[ ]	PRESERVE	markdown-checkbox
governance/upstream-notices.md	405	3	 	[ ]	[ ]	PRESERVE	markdown-checkbox
governance/upstream-notices.md	406	3	 	[ ]	[ ]	PRESERVE	markdown-checkbox
governance/upstream-notices.md	407	3	 	[ ]	[ ]	PRESERVE	markdown-checkbox
governance/upstream-notices.md	408	3	 	[ ]	[ ]	PRESERVE	markdown-checkbox
governance/upstream-notices.md	441	3	 	[ ]	[ ]	PRESERVE	markdown-checkbox
governance/upstream-notices.md	442	3	 	[ ]	[ ]	PRESERVE	markdown-checkbox
governance/upstream-notices.md	443	3	 	[ ]	[ ]	PRESERVE	markdown-checkbox
governance/upstream-notices.md	444	3	 	[ ]	[ ]	PRESERVE	markdown-checkbox
governance/upstream-notices.md	445	3	 	[ ]	[ ]	PRESERVE	markdown-checkbox
governance/upstream-notices.md	446	3	 	[ ]	[ ]	PRESERVE	markdown-checkbox
governance/upstream-notices.md	447	3	 	[ ]	[ ]	PRESERVE	markdown-checkbox
governance/upstream-notices.md	448	3	 	[ ]	[ ]	PRESERVE	markdown-checkbox
governance/upstream-notices.md	449	3	 	[ ]	[ ]	PRESERVE	markdown-checkbox
governance/upstream-notices.md	450	3	 	[ ]	[ ]	PRESERVE	markdown-checkbox
governance/upstream-notices.md	451	3	 	[ ]	[ ]	PRESERVE	markdown-checkbox
governance/upstream-notices.md	461	1	上游事实 FACT-ID	[上游事实 FACT-ID]	[[上游事实 FACT-ID]]	MIGRATE	fillable-slot
governance/upstream-notices.md	463	1	Story Bible 模块	[Story Bible 模块]	[[Story Bible 模块]]	MIGRATE	fillable-slot
governance/upstream-notices.md	465	1	大纲 / 分集 / 场景卡	[大纲 / 分集 / 场景卡]	[[大纲 / 分集 / 场景卡]]	MIGRATE	fillable-slot
governance/upstream-notices.md	467	1	剧本	[剧本]	[[剧本]]	MIGRATE	fillable-slot
governance/upstream-notices.md	469	1	分镜 / 镜头 / 资产 / 配音 / 字幕 / 后期	[分镜 / 镜头 / 资产 / 配音 / 字幕 / 后期]	[[分镜 / 镜头 / 资产 / 配音 / 字幕 / 后期]]	MIGRATE	fillable-slot
governance/upstream-notices.md	471	1	拍摄、生成、剪辑、发布	[拍摄、生成、剪辑、发布]	[[拍摄、生成、剪辑、发布]]	MIGRATE	fillable-slot
governance/upstream-notices.md	515	8	000	[000]	[[000]]	MIGRATE	fillable-slot
governance/upstream-notices.md	572	8	000	[000]	[[000]]	MIGRATE	fillable-slot
governance/upstream-notices.md	576	3	 	[ ]	[ ]	PRESERVE	markdown-checkbox
governance/upstream-notices.md	577	3	 	[ ]	[ ]	PRESERVE	markdown-checkbox
governance/upstream-notices.md	578	3	 	[ ]	[ ]	PRESERVE	markdown-checkbox
governance/upstream-notices.md	579	3	 	[ ]	[ ]	PRESERVE	markdown-checkbox
governance/upstream-notices.md	580	3	 	[ ]	[ ]	PRESERVE	markdown-checkbox
governance/upstream-notices.md	581	3	 	[ ]	[ ]	PRESERVE	markdown-checkbox
governance/upstream-notices.md	582	3	 	[ ]	[ ]	PRESERVE	markdown-checkbox
governance/upstream-notices.md	588	5	000	[000]	[[000]]	MIGRATE	fillable-slot
governance/upstream-notices.md	602	3	 	[ ]	[ ]	PRESERVE	markdown-checkbox
governance/upstream-notices.md	603	3	 	[ ]	[ ]	PRESERVE	markdown-checkbox
governance/upstream-notices.md	604	3	 	[ ]	[ ]	PRESERVE	markdown-checkbox
governance/upstream-notices.md	605	3	 	[ ]	[ ]	PRESERVE	markdown-checkbox
governance/upstream-notices.md	606	3	 	[ ]	[ ]	PRESERVE	markdown-checkbox
governance/upstream-notices.md	607	3	 	[ ]	[ ]	PRESERVE	markdown-checkbox
governance/upstream-notices.md	613	5	000	[000]	[[000]]	MIGRATE	fillable-slot
governance/upstream-notices.md	617	3	 	[ ]	[ ]	PRESERVE	markdown-checkbox
governance/upstream-notices.md	618	3	 	[ ]	[ ]	PRESERVE	markdown-checkbox
governance/upstream-notices.md	619	3	 	[ ]	[ ]	PRESERVE	markdown-checkbox
governance/upstream-notices.md	620	3	 	[ ]	[ ]	PRESERVE	markdown-checkbox
governance/upstream-notices.md	621	3	 	[ ]	[ ]	PRESERVE	markdown-checkbox
governance/upstream-notices.md	622	3	 	[ ]	[ ]	PRESERVE	markdown-checkbox
governance/upstream-notices.md	628	8	000	[000]	[[000]]	MIGRATE	fillable-slot
governance/upstream-notices.md	632	3	 	[ ]	[ ]	PRESERVE	markdown-checkbox
governance/upstream-notices.md	633	3	 	[ ]	[ ]	PRESERVE	markdown-checkbox
governance/upstream-notices.md	634	3	 	[ ]	[ ]	PRESERVE	markdown-checkbox
governance/upstream-notices.md	635	3	 	[ ]	[ ]	PRESERVE	markdown-checkbox
governance/upstream-notices.md	636	3	 	[ ]	[ ]	PRESERVE	markdown-checkbox
governance/upstream-notices.md	642	5	000	[000]	[[000]]	MIGRATE	fillable-slot
governance/upstream-notices.md	646	3	 	[ ]	[ ]	PRESERVE	markdown-checkbox
governance/upstream-notices.md	647	3	 	[ ]	[ ]	PRESERVE	markdown-checkbox
governance/upstream-notices.md	648	3	 	[ ]	[ ]	PRESERVE	markdown-checkbox
governance/upstream-notices.md	649	3	 	[ ]	[ ]	PRESERVE	markdown-checkbox
governance/upstream-notices.md	650	3	 	[ ]	[ ]	PRESERVE	markdown-checkbox
governance/upstream-notices.md	660	9	000	[000]	[[000]]	MIGRATE	fillable-slot
governance/upstream-notices.md	666	8	000	[000]	[[000]]	MIGRATE	fillable-slot
governance/upstream-notices.md	672	9	000	[000]	[[000]]	MIGRATE	fillable-slot
governance/upstream-notices.md	793	5	000	[000]	[[000]]	MIGRATE	fillable-slot
governance/upstream-notices.md	817	6	000	[000]	[[000]]	MIGRATE	fillable-slot
governance/upstream-notices.md	850	3	 	[ ]	[ ]	PRESERVE	markdown-checkbox
governance/upstream-notices.md	851	3	 	[ ]	[ ]	PRESERVE	markdown-checkbox
governance/upstream-notices.md	852	3	 	[ ]	[ ]	PRESERVE	markdown-checkbox
governance/upstream-notices.md	853	3	 	[ ]	[ ]	PRESERVE	markdown-checkbox
governance/upstream-notices.md	854	3	 	[ ]	[ ]	PRESERVE	markdown-checkbox
governance/upstream-notices.md	855	3	 	[ ]	[ ]	PRESERVE	markdown-checkbox
governance/upstream-notices.md	856	3	 	[ ]	[ ]	PRESERVE	markdown-checkbox
governance/upstream-notices.md	857	3	 	[ ]	[ ]	PRESERVE	markdown-checkbox
governance/upstream-notices.md	858	3	 	[ ]	[ ]	PRESERVE	markdown-checkbox
governance/upstream-notices.md	859	3	 	[ ]	[ ]	PRESERVE	markdown-checkbox
governance/upstream-notices.md	860	3	 	[ ]	[ ]	PRESERVE	markdown-checkbox
governance/upstream-notices.md	861	3	 	[ ]	[ ]	PRESERVE	markdown-checkbox
governance/upstream-notices.md	862	3	 	[ ]	[ ]	PRESERVE	markdown-checkbox
governance/upstream-notices.md	863	3	 	[ ]	[ ]	PRESERVE	markdown-checkbox
governance/upstream-notices/README.md	6	8	PROJECT	[PROJECT]	[[PROJECT]]	MIGRATE	fillable-slot
governance/upstream-notices/README.md	6	18	NOTICE-NNN	[NOTICE-NNN]	[[NOTICE-NNN]]	MIGRATE	fillable-slot
governance/upstream-notices/README.md	6	31	slug	[slug]	[[slug]]	MIGRATE	fillable-slot
references/adversarial-review-rubric.md	857	3	 	[ ]	[ ]	PRESERVE	markdown-checkbox
references/adversarial-review-rubric.md	858	3	 	[ ]	[ ]	PRESERVE	markdown-checkbox
references/adversarial-review-rubric.md	859	3	 	[ ]	[ ]	PRESERVE	markdown-checkbox
references/adversarial-review-rubric.md	860	3	 	[ ]	[ ]	PRESERVE	markdown-checkbox
references/adversarial-review-rubric.md	861	3	 	[ ]	[ ]	PRESERVE	markdown-checkbox
references/adversarial-review-rubric.md	862	3	 	[ ]	[ ]	PRESERVE	markdown-checkbox
references/adversarial-review-rubric.md	863	3	 	[ ]	[ ]	PRESERVE	markdown-checkbox
references/ai-production-handoff.md	119	3	 	[ ]	[ ]	PRESERVE	markdown-checkbox
references/ai-production-handoff.md	120	3	 	[ ]	[ ]	PRESERVE	markdown-checkbox
references/ai-production-handoff.md	121	3	 	[ ]	[ ]	PRESERVE	markdown-checkbox
references/ai-production-handoff.md	122	3	 	[ ]	[ ]	PRESERVE	markdown-checkbox
references/ai-production-handoff.md	123	3	 	[ ]	[ ]	PRESERVE	markdown-checkbox
references/ai-production-handoff.md	124	3	 	[ ]	[ ]	PRESERVE	markdown-checkbox
references/ai-production-handoff.md	125	3	 	[ ]	[ ]	PRESERVE	markdown-checkbox
references/ai-production-handoff.md	126	3	 	[ ]	[ ]	PRESERVE	markdown-checkbox
references/ai-production-handoff.md	127	3	 	[ ]	[ ]	PRESERVE	markdown-checkbox
references/ai-production-handoff.md	128	3	 	[ ]	[ ]	PRESERVE	markdown-checkbox
references/ai-production-handoff.md	141	1	项目缩写	[项目缩写]	[[项目缩写]]	MIGRATE	fillable-slot
references/ai-production-handoff.md	141	8	季/集	[季/集]	[[季/集]]	MIGRATE	fillable-slot
references/ai-production-handoff.md	141	14	场次	[场次]	[[场次]]	MIGRATE	fillable-slot
references/ai-production-handoff.md	141	19	镜号	[镜号]	[[镜号]]	MIGRATE	fillable-slot
references/ai-production-handoff.md	141	24	版本	[版本]	[[版本]]	MIGRATE	fillable-slot
references/ai-production-handoff.md	141	29	日期	[日期]	[[日期]]	MIGRATE	fillable-slot
references/ai-production-handoff.md	690	1	画幅与镜头	[画幅与镜头]	[[画幅与镜头]]	MIGRATE	fillable-slot
references/ai-production-handoff.md	691	1	角色身份与可见外观	[角色身份与可见外观]	[[角色身份与可见外观]]	MIGRATE	fillable-slot
references/ai-production-handoff.md	692	1	单一动作	[单一动作]	[[单一动作]]	MIGRATE	fillable-slot
references/ai-production-handoff.md	693	1	地点与空间关系	[地点与空间关系]	[[地点与空间关系]]	MIGRATE	fillable-slot
references/ai-production-handoff.md	694	1	光线、时间与关键视觉条件	[光线、时间与关键视觉条件]	[[光线、时间与关键视觉条件]]	MIGRATE	fillable-slot
references/ai-production-handoff.md	695	1	摄像机角度与运动	[摄像机角度与运动]	[[摄像机角度与运动]]	MIGRATE	fillable-slot
references/ai-production-handoff.md	696	1	连续性锚点	[连续性锚点]	[[连续性锚点]]	MIGRATE	fillable-slot
references/ai-production-handoff.md	697	1	风格与质量限制	[风格与质量限制]	[[风格与质量限制]]	MIGRATE	fillable-slot
references/ai-production-handoff.md	698	1	负面约束	[负面约束]	[[负面约束]]	MIGRATE	fillable-slot
references/ai-production-handoff.md	1160	3	 	[ ]	[ ]	PRESERVE	markdown-checkbox
references/ai-production-handoff.md	1161	3	 	[ ]	[ ]	PRESERVE	markdown-checkbox
references/ai-production-handoff.md	1162	3	 	[ ]	[ ]	PRESERVE	markdown-checkbox
references/ai-production-handoff.md	1163	3	 	[ ]	[ ]	PRESERVE	markdown-checkbox
references/ai-production-handoff.md	1164	3	 	[ ]	[ ]	PRESERVE	markdown-checkbox
references/ai-production-handoff.md	1167	3	 	[ ]	[ ]	PRESERVE	markdown-checkbox
references/ai-production-handoff.md	1168	3	 	[ ]	[ ]	PRESERVE	markdown-checkbox
references/ai-production-handoff.md	1169	3	 	[ ]	[ ]	PRESERVE	markdown-checkbox
references/ai-production-handoff.md	1170	3	 	[ ]	[ ]	PRESERVE	markdown-checkbox
references/ai-production-handoff.md	1171	3	 	[ ]	[ ]	PRESERVE	markdown-checkbox
references/ai-production-handoff.md	1172	3	 	[ ]	[ ]	PRESERVE	markdown-checkbox
references/ai-production-handoff.md	1173	3	 	[ ]	[ ]	PRESERVE	markdown-checkbox
references/ai-production-handoff.md	1176	3	 	[ ]	[ ]	PRESERVE	markdown-checkbox
references/ai-production-handoff.md	1177	3	 	[ ]	[ ]	PRESERVE	markdown-checkbox
references/ai-production-handoff.md	1178	3	 	[ ]	[ ]	PRESERVE	markdown-checkbox
references/ai-production-handoff.md	1179	3	 	[ ]	[ ]	PRESERVE	markdown-checkbox
references/ai-production-handoff.md	1180	3	 	[ ]	[ ]	PRESERVE	markdown-checkbox
references/ai-production-handoff.md	1181	3	 	[ ]	[ ]	PRESERVE	markdown-checkbox
references/ai-production-handoff.md	1184	3	 	[ ]	[ ]	PRESERVE	markdown-checkbox
references/ai-production-handoff.md	1185	3	 	[ ]	[ ]	PRESERVE	markdown-checkbox
references/ai-production-handoff.md	1186	3	 	[ ]	[ ]	PRESERVE	markdown-checkbox
references/ai-production-handoff.md	1187	3	 	[ ]	[ ]	PRESERVE	markdown-checkbox
references/ai-production-handoff.md	1188	3	 	[ ]	[ ]	PRESERVE	markdown-checkbox
references/ai-production-handoff.md	1189	3	 	[ ]	[ ]	PRESERVE	markdown-checkbox
references/ai-production-handoff.md	1194	3	 	[ ]	[ ]	PRESERVE	markdown-checkbox
references/ai-production-handoff.md	1195	3	 	[ ]	[ ]	PRESERVE	markdown-checkbox
references/ai-production-handoff.md	1196	3	 	[ ]	[ ]	PRESERVE	markdown-checkbox
references/ai-production-handoff.md	1197	3	 	[ ]	[ ]	PRESERVE	markdown-checkbox
references/ai-production-handoff.md	1198	3	 	[ ]	[ ]	PRESERVE	markdown-checkbox
references/ai-production-handoff.md	1199	3	 	[ ]	[ ]	PRESERVE	markdown-checkbox
references/ai-production-handoff.md	1200	3	 	[ ]	[ ]	PRESERVE	markdown-checkbox
references/ai-production-handoff.md	1201	3	 	[ ]	[ ]	PRESERVE	markdown-checkbox
references/ai-production-handoff.md	1202	3	 	[ ]	[ ]	PRESERVE	markdown-checkbox
references/ai-production-handoff.md	1203	3	 	[ ]	[ ]	PRESERVE	markdown-checkbox
references/ai-production-handoff.md	1204	3	 	[ ]	[ ]	PRESERVE	markdown-checkbox
references/ai-production-handoff.md	1205	3	 	[ ]	[ ]	PRESERVE	markdown-checkbox
references/film-series-format.md	315	3	 	[ ]	[ ]	PRESERVE	markdown-checkbox
references/film-series-format.md	316	3	 	[ ]	[ ]	PRESERVE	markdown-checkbox
references/film-series-format.md	317	3	 	[ ]	[ ]	PRESERVE	markdown-checkbox
references/film-series-format.md	318	3	 	[ ]	[ ]	PRESERVE	markdown-checkbox
references/film-series-format.md	319	3	 	[ ]	[ ]	PRESERVE	markdown-checkbox
references/film-series-format.md	320	3	 	[ ]	[ ]	PRESERVE	markdown-checkbox
references/film-series-format.md	321	3	 	[ ]	[ ]	PRESERVE	markdown-checkbox
references/film-series-format.md	872	3	 	[ ]	[ ]	PRESERVE	markdown-checkbox
references/film-series-format.md	873	3	 	[ ]	[ ]	PRESERVE	markdown-checkbox
references/film-series-format.md	874	3	 	[ ]	[ ]	PRESERVE	markdown-checkbox
references/film-series-format.md	875	3	 	[ ]	[ ]	PRESERVE	markdown-checkbox
references/film-series-format.md	876	3	 	[ ]	[ ]	PRESERVE	markdown-checkbox
references/film-series-format.md	877	3	 	[ ]	[ ]	PRESERVE	markdown-checkbox
references/film-series-format.md	878	3	 	[ ]	[ ]	PRESERVE	markdown-checkbox
references/film-series-format.md	879	3	 	[ ]	[ ]	PRESERVE	markdown-checkbox
references/film-series-format.md	880	3	 	[ ]	[ ]	PRESERVE	markdown-checkbox
references/film-series-format.md	884	3	 	[ ]	[ ]	PRESERVE	markdown-checkbox
references/film-series-format.md	885	3	 	[ ]	[ ]	PRESERVE	markdown-checkbox
references/film-series-format.md	886	3	 	[ ]	[ ]	PRESERVE	markdown-checkbox
references/film-series-format.md	890	3	 	[ ]	[ ]	PRESERVE	markdown-checkbox
references/film-series-format.md	891	3	 	[ ]	[ ]	PRESERVE	markdown-checkbox
references/film-series-format.md	892	3	 	[ ]	[ ]	PRESERVE	markdown-checkbox
references/film-series-format.md	896	3	 	[ ]	[ ]	PRESERVE	markdown-checkbox
references/film-series-format.md	897	3	 	[ ]	[ ]	PRESERVE	markdown-checkbox
references/film-series-format.md	898	3	 	[ ]	[ ]	PRESERVE	markdown-checkbox
references/film-series-format.md	899	3	 	[ ]	[ ]	PRESERVE	markdown-checkbox
references/film-series-format.md	903	3	 	[ ]	[ ]	PRESERVE	markdown-checkbox
references/film-series-format.md	904	3	 	[ ]	[ ]	PRESERVE	markdown-checkbox
references/film-series-format.md	905	3	 	[ ]	[ ]	PRESERVE	markdown-checkbox
references/film-series-format.md	906	3	 	[ ]	[ ]	PRESERVE	markdown-checkbox
references/film-series-format.md	907	3	 	[ ]	[ ]	PRESERVE	markdown-checkbox
references/hook-paywall-engine.md	941	3	 	[ ]	[ ]	PRESERVE	markdown-checkbox
references/hook-paywall-engine.md	942	3	 	[ ]	[ ]	PRESERVE	markdown-checkbox
references/hook-paywall-engine.md	943	3	 	[ ]	[ ]	PRESERVE	markdown-checkbox
references/hook-paywall-engine.md	944	3	 	[ ]	[ ]	PRESERVE	markdown-checkbox
references/hook-paywall-engine.md	945	3	 	[ ]	[ ]	PRESERVE	markdown-checkbox
references/hook-paywall-engine.md	946	3	 	[ ]	[ ]	PRESERVE	markdown-checkbox
references/hook-paywall-engine.md	947	3	 	[ ]	[ ]	PRESERVE	markdown-checkbox
references/hook-paywall-engine.md	948	3	 	[ ]	[ ]	PRESERVE	markdown-checkbox
references/hook-paywall-engine.md	949	3	 	[ ]	[ ]	PRESERVE	markdown-checkbox
references/hook-paywall-engine.md	950	3	 	[ ]	[ ]	PRESERVE	markdown-checkbox
references/hook-paywall-engine.md	951	3	 	[ ]	[ ]	PRESERVE	markdown-checkbox
references/hook-paywall-engine.md	952	3	 	[ ]	[ ]	PRESERVE	markdown-checkbox
references/hook-paywall-engine.md	953	3	 	[ ]	[ ]	PRESERVE	markdown-checkbox
references/hook-paywall-engine.md	954	3	 	[ ]	[ ]	PRESERVE	markdown-checkbox
references/screenplay-format-cn-en.md	952	3	 	[ ]	[ ]	PRESERVE	markdown-checkbox
references/screenplay-format-cn-en.md	953	3	 	[ ]	[ ]	PRESERVE	markdown-checkbox
references/screenplay-format-cn-en.md	954	3	 	[ ]	[ ]	PRESERVE	markdown-checkbox
references/screenplay-format-cn-en.md	955	3	 	[ ]	[ ]	PRESERVE	markdown-checkbox
references/screenplay-format-cn-en.md	956	3	 	[ ]	[ ]	PRESERVE	markdown-checkbox
references/screenplay-format-cn-en.md	957	3	 	[ ]	[ ]	PRESERVE	markdown-checkbox
references/screenplay-format-cn-en.md	958	3	 	[ ]	[ ]	PRESERVE	markdown-checkbox
references/screenplay-format-cn-en.md	959	3	 	[ ]	[ ]	PRESERVE	markdown-checkbox
references/screenplay-format-cn-en.md	960	3	 	[ ]	[ ]	PRESERVE	markdown-checkbox
references/screenplay-format-cn-en.md	1092	3	 	[ ]	[ ]	PRESERVE	markdown-checkbox
references/screenplay-format-cn-en.md	1093	3	 	[ ]	[ ]	PRESERVE	markdown-checkbox
references/screenplay-format-cn-en.md	1094	3	 	[ ]	[ ]	PRESERVE	markdown-checkbox
references/screenplay-format-cn-en.md	1095	3	 	[ ]	[ ]	PRESERVE	markdown-checkbox
references/screenplay-format-cn-en.md	1096	3	 	[ ]	[ ]	PRESERVE	markdown-checkbox
references/screenplay-format-cn-en.md	1097	3	 	[ ]	[ ]	PRESERVE	markdown-checkbox
references/screenplay-format-cn-en.md	1098	3	 	[ ]	[ ]	PRESERVE	markdown-checkbox
references/screenplay-format-cn-en.md	1099	3	 	[ ]	[ ]	PRESERVE	markdown-checkbox
references/screenplay-format-cn-en.md	1100	3	 	[ ]	[ ]	PRESERVE	markdown-checkbox
references/screenplay-format-cn-en.md	1101	3	 	[ ]	[ ]	PRESERVE	markdown-checkbox
references/screenplay-format-cn-en.md	1102	3	 	[ ]	[ ]	PRESERVE	markdown-checkbox
references/screenplay-format-cn-en.md	1103	3	 	[ ]	[ ]	PRESERVE	markdown-checkbox
references/screenplay-format-cn-en.md	1104	3	 	[ ]	[ ]	PRESERVE	markdown-checkbox
references/screenplay-format-cn-en.md	1105	3	 	[ ]	[ ]	PRESERVE	markdown-checkbox
references/short-drama-playbook.md	290	3	 	[ ]	[ ]	PRESERVE	markdown-checkbox
references/short-drama-playbook.md	291	3	 	[ ]	[ ]	PRESERVE	markdown-checkbox
references/short-drama-playbook.md	292	3	 	[ ]	[ ]	PRESERVE	markdown-checkbox
references/short-drama-playbook.md	293	3	 	[ ]	[ ]	PRESERVE	markdown-checkbox
references/short-drama-playbook.md	294	3	 	[ ]	[ ]	PRESERVE	markdown-checkbox
references/short-drama-playbook.md	295	3	 	[ ]	[ ]	PRESERVE	markdown-checkbox
references/short-drama-playbook.md	296	3	 	[ ]	[ ]	PRESERVE	markdown-checkbox
references/short-drama-playbook.md	977	3	 	[ ]	[ ]	PRESERVE	markdown-checkbox
references/short-drama-playbook.md	978	3	 	[ ]	[ ]	PRESERVE	markdown-checkbox
references/short-drama-playbook.md	979	3	 	[ ]	[ ]	PRESERVE	markdown-checkbox
references/short-drama-playbook.md	980	3	 	[ ]	[ ]	PRESERVE	markdown-checkbox
references/short-drama-playbook.md	981	3	 	[ ]	[ ]	PRESERVE	markdown-checkbox
references/short-drama-playbook.md	982	3	 	[ ]	[ ]	PRESERVE	markdown-checkbox
references/short-drama-playbook.md	983	3	 	[ ]	[ ]	PRESERVE	markdown-checkbox
references/short-drama-playbook.md	984	3	 	[ ]	[ ]	PRESERVE	markdown-checkbox
references/short-drama-playbook.md	985	3	 	[ ]	[ ]	PRESERVE	markdown-checkbox
references/short-drama-playbook.md	986	3	 	[ ]	[ ]	PRESERVE	markdown-checkbox
references/short-drama-playbook.md	987	3	 	[ ]	[ ]	PRESERVE	markdown-checkbox
references/short-drama-playbook.md	988	3	 	[ ]	[ ]	PRESERVE	markdown-checkbox
references/short-drama-playbook.md	989	3	 	[ ]	[ ]	PRESERVE	markdown-checkbox
references/story-bible-templates.md	551	20	id	[id]	[[id]]	MIGRATE	fillable-slot
references/story-bible-templates.md	1295	3	 	[ ]	[ ]	PRESERVE	markdown-checkbox
references/story-bible-templates.md	1296	3	 	[ ]	[ ]	PRESERVE	markdown-checkbox
references/story-bible-templates.md	1297	3	 	[ ]	[ ]	PRESERVE	markdown-checkbox
references/story-bible-templates.md	1298	3	 	[ ]	[ ]	PRESERVE	markdown-checkbox
references/story-bible-templates.md	1299	3	 	[ ]	[ ]	PRESERVE	markdown-checkbox
references/story-bible-templates.md	1300	3	 	[ ]	[ ]	PRESERVE	markdown-checkbox
references/story-bible-templates.md	1301	3	 	[ ]	[ ]	PRESERVE	markdown-checkbox
references/story-bible-templates.md	1302	3	 	[ ]	[ ]	PRESERVE	markdown-checkbox
references/story-bible-templates.md	1303	3	 	[ ]	[ ]	PRESERVE	markdown-checkbox
references/story-bible-templates.md	1304	3	 	[ ]	[ ]	PRESERVE	markdown-checkbox
references/story-bible-templates.md	1305	3	 	[ ]	[ ]	PRESERVE	markdown-checkbox
references/story-bible-templates.md	1306	3	 	[ ]	[ ]	PRESERVE	markdown-checkbox
references/story-bible-templates.md	1307	3	 	[ ]	[ ]	PRESERVE	markdown-checkbox
references/story-bible-templates.md	1308	3	 	[ ]	[ ]	PRESERVE	markdown-checkbox
templates/episode-outline.md	2	21	NNN	[NNN]	[[NNN]]	MIGRATE	fillable-slot
templates/episode-outline.md	4	21	SLUG	[SLUG]	[[SLUG]]	MIGRATE	fillable-slot
templates/episode-outline.md	5	27	SLUG	[SLUG]	[[SLUG]]	MIGRATE	fillable-slot
templates/episode-outline.md	8	8	OWNER	[OWNER]	[[OWNER]]	MIGRATE	fillable-slot
templates/episode-outline.md	17	5	集数	[集数]	[[集数]]	MIGRATE	fillable-slot
templates/episode-outline.md	17	10	集名缩写	[集名缩写]	[[集名缩写]]	MIGRATE	fillable-slot
templates/episode-outline.md	17	26	版本	[版本]	[[版本]]	MIGRATE	fillable-slot
templates/episode-outline.md	63	10	项目名	[项目名]	[[项目名]]	MIGRATE	fillable-slot
templates/episode-outline.md	64	11	项目缩写	[项目缩写]	[[项目缩写]]	MIGRATE	fillable-slot
templates/episode-outline.md	65	10	00	[00]	[[00]]	MIGRATE	fillable-slot
templates/episode-outline.md	66	8	集名	[集名]	[[集名]]	MIGRATE	fillable-slot
templates/episode-outline.md	67	11	00	[00]	[[00]]	MIGRATE	fillable-slot
templates/episode-outline.md	69	8	姓名	[姓名]	[[姓名]]	MIGRATE	fillable-slot
templates/episode-outline.md	70	10	YYYY-MM-DD	[YYYY-MM-DD]	[[YYYY-MM-DD]]	MIGRATE	fillable-slot
templates/episode-outline.md	71	20	文件路径 / 版本	[文件路径 / 版本]	[[文件路径 / 版本]]	MIGRATE	fillable-slot
templates/episode-outline.md	72	12	文件路径 / 版本	[文件路径 / 版本]	[[文件路径 / 版本]]	MIGRATE	fillable-slot
templates/episode-outline.md	74	12	X 分钟	[X 分钟]	[[X 分钟]]	MIGRATE	fillable-slot
templates/episode-outline.md	76	10	描述	[描述]	[[描述]]	MIGRATE	fillable-slot
templates/episode-outline.md	77	10	第几天；日/夜；与前集间隔	[第几天；日/夜；与前集间隔]	[[第几天；日/夜；与前集间隔]]	MIGRATE	fillable-slot
templates/episode-outline.md	79	10	本集完整大纲 / A线 / 指定场次	[本集完整大纲 / A线 / 指定场次]	[[本集完整大纲 / A线 / 指定场次]]	MIGRATE	fillable-slot
templates/episode-outline.md	103	1	观众在本集持续追问的唯一首要问题。	[观众在本集持续追问的唯一首要问题。]	[[观众在本集持续追问的唯一首要问题。]]	MIGRATE	fillable-slot
templates/episode-outline.md	122	10	主角会暴露/改变什么	[主角会暴露/改变什么]	[[主角会暴露/改变什么]]	MIGRATE	fillable-slot
templates/episode-outline.md	123	10	本集会推进/回答什么	[本集会推进/回答什么]	[[本集会推进/回答什么]]	MIGRATE	fillable-slot
templates/episode-outline.md	124	10	紧张、悲伤、爽感、恐惧、温暖等	[紧张、悲伤、爽感、恐惧、温暖等]	[[紧张、悲伤、爽感、恐惧、温暖等]]	MIGRATE	fillable-slot
templates/episode-outline.md	125	10	悬疑、爱情、犯罪、科幻等具体体验	[悬疑、爱情、犯罪、科幻等具体体验]	[[悬疑、爱情、犯罪、科幻等具体体验]]	MIGRATE	fillable-slot
templates/episode-outline.md	126	10	如何推进季级/系列级问题	[如何推进季级/系列级问题]	[[如何推进季级/系列级问题]]	MIGRATE	fillable-slot
templates/episode-outline.md	136	3	钩子/后果	[钩子/后果]	[[钩子/后果]]	MIGRATE	fillable-slot
templates/episode-outline.md	136	13	确认、反转、部分兑现	[确认、反转、部分兑现]	[[确认、反转、部分兑现]]	MIGRATE	fillable-slot
templates/episode-outline.md	136	28	开场/前 20 秒/第一场	[开场/前 20 秒/第一场]	[[开场/前 20 秒/第一场]]	MIGRATE	fillable-slot
templates/episode-outline.md	136	46	角色、道具、时间、伤病等	[角色、道具、时间、伤病等]	[[角色、道具、时间、伤病等]]	MIGRATE	fillable-slot
templates/episode-outline.md	142	11	问题	[问题]	[[问题]]	MIGRATE	fillable-slot
templates/episode-outline.md	142	33	场次	[场次]	[[场次]]	MIGRATE	fillable-slot
templates/episode-outline.md	142	40	行动、信息、关系后果	[行动、信息、关系后果]	[[行动、信息、关系后果]]	MIGRATE	fillable-slot
templates/episode-outline.md	143	10	问题	[问题]	[[问题]]	MIGRATE	fillable-slot
templates/episode-outline.md	143	22	场次	[场次]	[[场次]]	MIGRATE	fillable-slot
templates/episode-outline.md	143	29	具体结果	[具体结果]	[[具体结果]]	MIGRATE	fillable-slot
templates/episode-outline.md	144	10	问题	[问题]	[[问题]]	MIGRATE	fillable-slot
templates/episode-outline.md	144	22	场次	[场次]	[[场次]]	MIGRATE	fillable-slot
templates/episode-outline.md	144	29	新线索/新代价	[新线索/新代价]	[[新线索/新代价]]	MIGRATE	fillable-slot
templates/episode-outline.md	154	3	不可逆后果	[不可逆后果]	[[不可逆后果]]	MIGRATE	fillable-slot
templates/episode-outline.md	154	13	明确问题	[明确问题]	[[明确问题]]	MIGRATE	fillable-slot
templates/episode-outline.md	154	22	下一集开头/前 20 秒	[下一集开头/前 20 秒]	[[下一集开头/前 20 秒]]	MIGRATE	fillable-slot
templates/episode-outline.md	154	39	1–3 集内/季终	[1–3 集内/季终]	[[1–3 集内/季终]]	MIGRATE	fillable-slot
templates/episode-outline.md	203	3	人物/机构/系统	[人物/机构/系统]	[[人物/机构/系统]]	MIGRATE	fillable-slot
templates/episode-outline.md	222	6	触发事件	[触发事件]	[[触发事件]]	MIGRATE	fillable-slot
templates/episode-outline.md	223	8	第一主动选择	[第一主动选择]	[[第一主动选择]]	MIGRATE	fillable-slot
templates/episode-outline.md	224	6	阻碍/对手反制	[阻碍/对手反制]	[[阻碍/对手反制]]	MIGRATE	fillable-slot
templates/episode-outline.md	225	10	新策略	[新策略]	[[新策略]]	MIGRATE	fillable-slot
templates/episode-outline.md	226	6	中段反转	[中段反转]	[[中段反转]]	MIGRATE	fillable-slot
templates/episode-outline.md	227	11	代价性选择	[代价性选择]	[[代价性选择]]	MIGRATE	fillable-slot
templates/episode-outline.md	228	6	危机/退路消失	[危机/退路消失]	[[危机/退路消失]]	MIGRATE	fillable-slot
templates/episode-outline.md	229	11	不可逆行动	[不可逆行动]	[[不可逆行动]]	MIGRATE	fillable-slot
templates/episode-outline.md	230	6	下一集必须回答的问题	[下一集必须回答的问题]	[[下一集必须回答的问题]]	MIGRATE	fillable-slot
templates/episode-outline.md	285	5	 	[ ]	[ ]	PRESERVE	markdown-checkbox
templates/episode-outline.md	286	5	 	[ ]	[ ]	PRESERVE	markdown-checkbox
templates/episode-outline.md	287	5	 	[ ]	[ ]	PRESERVE	markdown-checkbox
templates/episode-outline.md	288	5	 	[ ]	[ ]	PRESERVE	markdown-checkbox
templates/episode-outline.md	289	5	 	[ ]	[ ]	PRESERVE	markdown-checkbox
templates/episode-outline.md	301	1	不可忽略的后果、发现、选择或威胁。	[不可忽略的后果、发现、选择或威胁。]	[[不可忽略的后果、发现、选择或威胁。]]	MIGRATE	fillable-slot
templates/episode-outline.md	344	6	具体且不可逆的行动	[具体且不可逆的行动]	[[具体且不可逆的行动]]	MIGRATE	fillable-slot
templates/episode-outline.md	345	4	主角失去、暴露、承诺或放弃什么	[主角失去、暴露、承诺或放弃什么]	[[主角失去、暴露、承诺或放弃什么]]	MIGRATE	fillable-slot
templates/episode-outline.md	346	7	行动会导致什么后果	[行动会导致什么后果]	[[行动会导致什么后果]]	MIGRATE	fillable-slot
templates/episode-outline.md	389	10	资源/答案/盟友/机会	[资源/答案/盟友/机会]	[[资源/答案/盟友/机会]]	MIGRATE	fillable-slot
templates/episode-outline.md	390	11	风险更大、关系更坏、目标更难	[风险更大、关系更坏、目标更难]	[[风险更大、关系更坏、目标更难]]	MIGRATE	fillable-slot
templates/episode-outline.md	435	1	主角必须采取新策略，或一个此前隐藏的代价/敌人/秘密使旧计划失效。	[主角必须采取新策略，或一个此前隐藏的代价/敌人/秘密使旧计划失效。]	[[主角必须采取新策略，或一个此前隐藏的代价/敌人/秘密使旧计划失效。]]	MIGRATE	fillable-slot
templates/episode-outline.md	561	3	主角	[主角]	[[主角]]	MIGRATE	fillable-slot
templates/episode-outline.md	562	3	对手	[对手]	[[对手]]	MIGRATE	fillable-slot
templates/episode-outline.md	563	3	盟友	[盟友]	[[盟友]]	MIGRATE	fillable-slot
templates/episode-outline.md	564	3	关系人物	[关系人物]	[[关系人物]]	MIGRATE	fillable-slot
templates/episode-outline.md	819	1	主角目标 / 因果 / 中点 / 高潮 / 付费兑现等 P0	[主角目标 / 因果 / 中点 / 高潮 / 付费兑现等 P0]	[[主角目标 / 因果 / 中点 / 高潮 / 付费兑现等 P0]]	MIGRATE	fillable-slot
templates/episode-outline.md	822	1	对手、关系、支线、场景功能、节奏等 P1	[对手、关系、支线、场景功能、节奏等 P1]	[[对手、关系、支线、场景功能、节奏等 P1]]	MIGRATE	fillable-slot
templates/episode-outline.md	825	1	对白、视觉母题、局部格式、命名等 P2	[对白、视觉母题、局部格式、命名等 P2]	[[对白、视觉母题、局部格式、命名等 P2]]	MIGRATE	fillable-slot
templates/episode-outline.md	848	3	 	[ ]	[ ]	PRESERVE	markdown-checkbox
templates/episode-outline.md	849	3	 	[ ]	[ ]	PRESERVE	markdown-checkbox
templates/episode-outline.md	850	3	 	[ ]	[ ]	PRESERVE	markdown-checkbox
templates/episode-outline.md	851	3	 	[ ]	[ ]	PRESERVE	markdown-checkbox
templates/episode-outline.md	852	3	 	[ ]	[ ]	PRESERVE	markdown-checkbox
templates/episode-outline.md	853	3	 	[ ]	[ ]	PRESERVE	markdown-checkbox
templates/episode-outline.md	854	3	 	[ ]	[ ]	PRESERVE	markdown-checkbox
templates/episode-outline.md	855	3	 	[ ]	[ ]	PRESERVE	markdown-checkbox
templates/episode-outline.md	856	3	 	[ ]	[ ]	PRESERVE	markdown-checkbox
templates/episode-outline.md	857	3	 	[ ]	[ ]	PRESERVE	markdown-checkbox
templates/episode-outline.md	858	3	 	[ ]	[ ]	PRESERVE	markdown-checkbox
templates/episode-outline.md	859	3	 	[ ]	[ ]	PRESERVE	markdown-checkbox
templates/episode-outline.md	860	3	 	[ ]	[ ]	PRESERVE	markdown-checkbox
templates/episode-outline.md	861	3	 	[ ]	[ ]	PRESERVE	markdown-checkbox
templates/episode-outline.md	862	3	 	[ ]	[ ]	PRESERVE	markdown-checkbox
templates/feature-screenplay.fountain	3	9	作者名	[作者名]	[[作者名]]	MIGRATE	fillable-slot
templates/feature-screenplay.fountain	5	13	YYYY-MM-DD	[YYYY-MM-DD]	[[YYYY-MM-DD]]	MIGRATE	fillable-slot
templates/feature-screenplay.fountain	6	14	年份	[年份]	[[年份]]	MIGRATE	fillable-slot
templates/feature-screenplay.fountain	6	19	权利人	[权利人]	[[权利人]]	MIGRATE	fillable-slot
templates/feature-screenplay.fountain	7	10	联系方式或留空	[联系方式或留空]	[[联系方式或留空]]	MIGRATE	fillable-slot
templates/feature-screenplay.fountain	32	5	触发事件	[触发事件]	[[触发事件]]	MIGRATE	fillable-slot
templates/feature-screenplay.fountain	32	15	有缺陷的主角	[有缺陷的主角]	[[有缺陷的主角]]	MIGRATE	fillable-slot
templates/feature-screenplay.fountain	32	26	明确外部目标	[明确外部目标]	[[明确外部目标]]	MIGRATE	fillable-slot
templates/feature-screenplay.fountain	33	11	主要对手/系统	[主要对手/系统]	[[主要对手/系统]]	MIGRATE	fillable-slot
templates/feature-screenplay.fountain	33	24	具体、可见且不可接受的代价	[具体、可见且不可接受的代价]	[[具体、可见且不可接受的代价]]	MIGRATE	fillable-slot
templates/feature-screenplay.fountain	36	3	主角能否______？	[主角能否______？]	[[主角能否______？]]	MIGRATE	fillable-slot
templates/feature-screenplay.fountain	39	3	例如：真正的忠诚不是服从，而是在代价出现后仍选择承担真相。	[例如：真正的忠诚不是服从，而是在代价出现后仍选择承担真相。]	[[例如：真正的忠诚不是服从，而是在代价出现后仍选择承担真相。]]	MIGRATE	fillable-slot
templates/feature-screenplay.fountain	56	5	事实 1	[事实 1]	[[事实 1]]	MIGRATE	fillable-slot
templates/feature-screenplay.fountain	57	5	事实 2	[事实 2]	[[事实 2]]	MIGRATE	fillable-slot
templates/feature-screenplay.fountain	58	5	事实 3	[事实 3]	[[事实 3]]	MIGRATE	fillable-slot
templates/feature-screenplay.fountain	76	5	主角当前最能暴露其旧策略的地点	[主角当前最能暴露其旧策略的地点]	[[主角当前最能暴露其旧策略的地点]]	MIGRATE	fillable-slot
templates/feature-screenplay.fountain	76	25	日/夜	[日/夜]	[[日/夜]]	MIGRATE	fillable-slot
templates/feature-screenplay.fountain	78	1	可见动作。主角正在做一件能反映其能力、欲望、恐惧或错误信念的事。	[可见动作。主角正在做一件能反映其能力、欲望、恐惧或错误信念的事。]	[[可见动作。主角正在做一件能反映其能力、欲望、恐惧或错误信念的事。]]	MIGRATE	fillable-slot
templates/feature-screenplay.fountain	80	2	主角	[主角]	[[主角]]	MIGRATE	fillable-slot
templates/feature-screenplay.fountain	81	1	一句有策略的对白。不要解释主题。	[一句有策略的对白。不要解释主题。]	[[一句有策略的对白。不要解释主题。]]	MIGRATE	fillable-slot
templates/feature-screenplay.fountain	83	1	建立一个可见的缺口、债务、关系裂痕、资源短缺或规则压力。	[建立一个可见的缺口、债务、关系裂痕、资源短缺或规则压力。]	[[建立一个可见的缺口、债务、关系裂痕、资源短缺或规则压力。]]	MIGRATE	fillable-slot
templates/feature-screenplay.fountain	90	5	地点	[地点]	[[地点]]	MIGRATE	fillable-slot
templates/feature-screenplay.fountain	90	12	时间	[时间]	[[时间]]	MIGRATE	fillable-slot
templates/feature-screenplay.fountain	92	1	主角试图通过旧方法解决一个小问题。	[主角试图通过旧方法解决一个小问题。]	[[主角试图通过旧方法解决一个小问题。]]	MIGRATE	fillable-slot
templates/feature-screenplay.fountain	94	2	关系人物 A	[关系人物 A]	[[关系人物 A]]	MIGRATE	fillable-slot
templates/feature-screenplay.fountain	95	1	要求、质疑、诱惑或威胁。	[要求、质疑、诱惑或威胁。]	[[要求、质疑、诱惑或威胁。]]	MIGRATE	fillable-slot
templates/feature-screenplay.fountain	97	2	主角	[主角]	[[主角]]	MIGRATE	fillable-slot
templates/feature-screenplay.fountain	98	1	回避、控制、撒谎或拒绝。	[回避、控制、撒谎或拒绝。]	[[回避、控制、撒谎或拒绝。]]	MIGRATE	fillable-slot
templates/feature-screenplay.fountain	100	1	本场结束时，关系、资源或信任发生小幅变化。	[本场结束时，关系、资源或信任发生小幅变化。]	[[本场结束时，关系、资源或信任发生小幅变化。]]	MIGRATE	fillable-slot
templates/feature-screenplay.fountain	107	5	地点	[地点]	[[地点]]	MIGRATE	fillable-slot
templates/feature-screenplay.fountain	107	12	时间	[时间]	[[时间]]	MIGRATE	fillable-slot
templates/feature-screenplay.fountain	109	1	主角看到、接近、错失或争夺与主目标有关的具体事物。	[主角看到、接近、错失或争夺与主目标有关的具体事物。]	[[主角看到、接近、错失或争夺与主目标有关的具体事物。]]	MIGRATE	fillable-slot
templates/feature-screenplay.fountain	111	1	不要直接说“主角想要幸福/自由/成功”；将目标转为可执行行动。	[不要直接说“主角想要幸福/自由/成功”；将目标转为可执行行动。]	[[不要直接说“主角想要幸福/自由/成功”；将目标转为可执行行动。]]	MIGRATE	fillable-slot
templates/feature-screenplay.fountain	118	5	对手/系统空间	[对手/系统空间]	[[对手/系统空间]]	MIGRATE	fillable-slot
templates/feature-screenplay.fountain	118	17	时间	[时间]	[[时间]]	MIGRATE	fillable-slot
templates/feature-screenplay.fountain	120	1	对手或系统采取一项行动；即使主角不在场，行动也会给主角制造压力。	[对手或系统采取一项行动；即使主角不在场，行动也会给主角制造压力。]	[[对手或系统采取一项行动；即使主角不在场，行动也会给主角制造压力。]]	MIGRATE	fillable-slot
templates/feature-screenplay.fountain	122	2	对手	[对手]	[[对手]]	MIGRATE	fillable-slot
templates/feature-screenplay.fountain	123	1	简短、有目标的台词。	[简短、有目标的台词。]	[[简短、有目标的台词。]]	MIGRATE	fillable-slot
templates/feature-screenplay.fountain	125	1	若对手不出场，用可见后果、文件、广播、规则或第三方行动体现其存在。	[若对手不出场，用可见后果、文件、广播、规则或第三方行动体现其存在。]	[[若对手不出场，用可见后果、文件、广播、规则或第三方行动体现其存在。]]	MIGRATE	fillable-slot
templates/feature-screenplay.fountain	133	5	触发事件发生地点	[触发事件发生地点]	[[触发事件发生地点]]	MIGRATE	fillable-slot
templates/feature-screenplay.fountain	133	18	时间	[时间]	[[时间]]	MIGRATE	fillable-slot
templates/feature-screenplay.fountain	135	1	发生改变主角处境的事件。	[发生改变主角处境的事件。]	[[发生改变主角处境的事件。]]	MIGRATE	fillable-slot
templates/feature-screenplay.fountain	137	1	主角先尝试否认、修复或逃避。	[主角先尝试否认、修复或逃避。]	[[主角先尝试否认、修复或逃避。]]	MIGRATE	fillable-slot
templates/feature-screenplay.fountain	139	2	主角	[主角]	[[主角]]	MIGRATE	fillable-slot
templates/feature-screenplay.fountain	140	1	不是解释，而是即时策略。	[不是解释，而是即时策略。]	[[不是解释，而是即时策略。]]	MIGRATE	fillable-slot
templates/feature-screenplay.fountain	142	1	触发事件留下一个无法忽略的事实、证据、损失、命令、期限或关系变化。	[触发事件留下一个无法忽略的事实、证据、损失、命令、期限或关系变化。]	[[触发事件留下一个无法忽略的事实、证据、损失、命令、期限或关系变化。]]	MIGRATE	fillable-slot
templates/feature-screenplay.fountain	149	5	地点	[地点]	[[地点]]	MIGRATE	fillable-slot
templates/feature-screenplay.fountain	149	12	连续/稍后	[连续/稍后]	[[连续/稍后]]	MIGRATE	fillable-slot
templates/feature-screenplay.fountain	151	1	主角采取最熟悉但不够有效的行动。	[主角采取最熟悉但不够有效的行动。]	[[主角采取最熟悉但不够有效的行动。]]	MIGRATE	fillable-slot
templates/feature-screenplay.fountain	153	1	该行动带来代价，或让对手获得优势。	[该行动带来代价，或让对手获得优势。]	[[该行动带来代价，或让对手获得优势。]]	MIGRATE	fillable-slot
templates/feature-screenplay.fountain	161	5	门槛地点：门口、车站、法庭、医院、公司、边界等	[门槛地点：门口、车站、法庭、医院、公司、边界等]	[[门槛地点：门口、车站、法庭、医院、公司、边界等]]	MIGRATE	fillable-slot
templates/feature-screenplay.fountain	161	33	夜	[夜]	[[夜]]	MIGRATE	fillable-slot
templates/feature-screenplay.fountain	163	1	主角面对一个可退回旧生活的机会。	[主角面对一个可退回旧生活的机会。]	[[主角面对一个可退回旧生活的机会。]]	MIGRATE	fillable-slot
templates/feature-screenplay.fountain	165	2	关系人物 B	[关系人物 B]	[[关系人物 B]]	MIGRATE	fillable-slot
templates/feature-screenplay.fountain	166	1	提出代价、警告或替代方案。	[提出代价、警告或替代方案。]	[[提出代价、警告或替代方案。]]	MIGRATE	fillable-slot
templates/feature-screenplay.fountain	168	2	主角	[主角]	[[主角]]	MIGRATE	fillable-slot
templates/feature-screenplay.fountain	169	1	做出明确选择。	[做出明确选择。]	[[做出明确选择。]]	MIGRATE	fillable-slot
templates/feature-screenplay.fountain	171	1	主角执行选择：进入、签字、公开、偷取、离开、拒绝、合作、报警、承认或承担。	[主角执行选择：进入、签字、公开、偷取、离开、拒绝、合作、报警、承认或承担。]	[[主角执行选择：进入、签字、公开、偷取、离开、拒绝、合作、报警、承认或承担。]]	MIGRATE	fillable-slot
templates/feature-screenplay.fountain	184	5	新世界/主冲突地点	[新世界/主冲突地点]	[[新世界/主冲突地点]]	MIGRATE	fillable-slot
templates/feature-screenplay.fountain	184	19	日	[日]	[[日]]	MIGRATE	fillable-slot
templates/feature-screenplay.fountain	186	1	主角进入新环境或开始新任务。	[主角进入新环境或开始新任务。]	[[主角进入新环境或开始新任务。]]	MIGRATE	fillable-slot
templates/feature-screenplay.fountain	188	1	用具体行动展示新规则；不要用长段解释设定。	[用具体行动展示新规则；不要用长段解释设定。]	[[用具体行动展示新规则；不要用长段解释设定。]]	MIGRATE	fillable-slot
templates/feature-screenplay.fountain	190	2	盟友或门槛人物	[盟友或门槛人物]	[[盟友或门槛人物]]	MIGRATE	fillable-slot
templates/feature-screenplay.fountain	191	1	给出必要但不完整的信息。	[给出必要但不完整的信息。]	[[给出必要但不完整的信息。]]	MIGRATE	fillable-slot
templates/feature-screenplay.fountain	193	2	主角	[主角]	[[主角]]	MIGRATE	fillable-slot
templates/feature-screenplay.fountain	194	1	试图掌控局面。	[试图掌控局面。]	[[试图掌控局面。]]	MIGRATE	fillable-slot
templates/feature-screenplay.fountain	200	5	地点	[地点]	[[地点]]	MIGRATE	fillable-slot
templates/feature-screenplay.fountain	200	12	稍后	[稍后]	[[稍后]]	MIGRATE	fillable-slot
templates/feature-screenplay.fountain	202	1	主角测试一条规则、资源或人物关系。	[主角测试一条规则、资源或人物关系。]	[[主角测试一条规则、资源或人物关系。]]	MIGRATE	fillable-slot
templates/feature-screenplay.fountain	204	1	规则产生代价或限制。	[规则产生代价或限制。]	[[规则产生代价或限制。]]	MIGRATE	fillable-slot
templates/feature-screenplay.fountain	206	1	记录：该规则以后必须一致。	[记录：该规则以后必须一致。]	[[记录：该规则以后必须一致。]]	MIGRATE	fillable-slot
templates/feature-screenplay.fountain	213	5	计划地点	[计划地点]	[[计划地点]]	MIGRATE	fillable-slot
templates/feature-screenplay.fountain	213	14	夜	[夜]	[[夜]]	MIGRATE	fillable-slot
templates/feature-screenplay.fountain	215	1	主角制定或执行一个具体计划。	[主角制定或执行一个具体计划。]	[[主角制定或执行一个具体计划。]]	MIGRATE	fillable-slot
templates/feature-screenplay.fountain	217	2	主角	[主角]	[[主角]]	MIGRATE	fillable-slot
templates/feature-screenplay.fountain	218	1	说明行动，不说明作者主题。	[说明行动，不说明作者主题。]	[[说明行动，不说明作者主题。]]	MIGRATE	fillable-slot
templates/feature-screenplay.fountain	220	2	盟友	[盟友]	[[盟友]]	MIGRATE	fillable-slot
templates/feature-screenplay.fountain	221	1	指出计划风险，或提出不同策略。	[指出计划风险，或提出不同策略。]	[[指出计划风险，或提出不同策略。]]	MIGRATE	fillable-slot
templates/feature-screenplay.fountain	223	1	计划成功一部分。	[计划成功一部分。]	[[计划成功一部分。]]	MIGRATE	fillable-slot
templates/feature-screenplay.fountain	230	5	地点	[地点]	[[地点]]	MIGRATE	fillable-slot
templates/feature-screenplay.fountain	230	12	连续	[连续]	[[连续]]	MIGRATE	fillable-slot
templates/feature-screenplay.fountain	232	1	对手或系统的反击造成实际后果。	[对手或系统的反击造成实际后果。]	[[对手或系统的反击造成实际后果。]]	MIGRATE	fillable-slot
templates/feature-screenplay.fountain	234	1	主角失去资源、时间、关系、证据、安全、名誉或行动空间中的至少一项。	[主角失去资源、时间、关系、证据、安全、名誉或行动空间中的至少一项。]	[[主角失去资源、时间、关系、证据、安全、名誉或行动空间中的至少一项。]]	MIGRATE	fillable-slot
templates/feature-screenplay.fountain	241	5	私密地点	[私密地点]	[[私密地点]]	MIGRATE	fillable-slot
templates/feature-screenplay.fountain	241	14	夜	[夜]	[[夜]]	MIGRATE	fillable-slot
templates/feature-screenplay.fountain	243	1	主角与关系人物发生行动性冲突。	[主角与关系人物发生行动性冲突。]	[[主角与关系人物发生行动性冲突。]]	MIGRATE	fillable-slot
templates/feature-screenplay.fountain	245	2	关系人物	[关系人物]	[[关系人物]]	MIGRATE	fillable-slot
templates/feature-screenplay.fountain	246	1	提出其自身目标。	[提出其自身目标。]	[[提出其自身目标。]]	MIGRATE	fillable-slot
templates/feature-screenplay.fountain	248	2	主角	[主角]	[[主角]]	MIGRATE	fillable-slot
templates/feature-screenplay.fountain	249	1	试图说服、隐瞒、施压、交换或拒绝。	[试图说服、隐瞒、施压、交换或拒绝。]	[[试图说服、隐瞒、施压、交换或拒绝。]]	MIGRATE	fillable-slot
templates/feature-screenplay.fountain	251	1	场景结束后，两人的关系状态必须不同。	[场景结束后，两人的关系状态必须不同。]	[[场景结束后，两人的关系状态必须不同。]]	MIGRATE	fillable-slot
templates/feature-screenplay.fountain	258	5	地点	[地点]	[[地点]]	MIGRATE	fillable-slot
templates/feature-screenplay.fountain	258	12	日	[日]	[[日]]	MIGRATE	fillable-slot
templates/feature-screenplay.fountain	260	1	主角获得关键线索、资源、盟友、机会或局部胜利。	[主角获得关键线索、资源、盟友、机会或局部胜利。]	[[主角获得关键线索、资源、盟友、机会或局部胜利。]]	MIGRATE	fillable-slot
templates/feature-screenplay.fountain	262	1	胜利必须来自主角此前行动，而不是偶然掉落的答案。	[胜利必须来自主角此前行动，而不是偶然掉落的答案。]	[[胜利必须来自主角此前行动，而不是偶然掉落的答案。]]	MIGRATE	fillable-slot
templates/feature-screenplay.fountain	264	1	胜利揭示更大的问题。	[胜利揭示更大的问题。]	[[胜利揭示更大的问题。]]	MIGRATE	fillable-slot
templates/feature-screenplay.fountain	271	5	地点	[地点]	[[地点]]	MIGRATE	fillable-slot
templates/feature-screenplay.fountain	271	12	夜	[夜]	[[夜]]	MIGRATE	fillable-slot
templates/feature-screenplay.fountain	273	1	对手利用主角的盲点、关系弱点或错误信念反击。	[对手利用主角的盲点、关系弱点或错误信念反击。]	[[对手利用主角的盲点、关系弱点或错误信念反击。]]	MIGRATE	fillable-slot
templates/feature-screenplay.fountain	275	2	对手	[对手]	[[对手]]	MIGRATE	fillable-slot
templates/feature-screenplay.fountain	276	1	不必解释全部计划；展示其策略和优势。	[不必解释全部计划；展示其策略和优势。]	[[不必解释全部计划；展示其策略和优势。]]	MIGRATE	fillable-slot
templates/feature-screenplay.fountain	278	1	主角被迫在两个代价之间作选择。	[主角被迫在两个代价之间作选择。]	[[主角被迫在两个代价之间作选择。]]	MIGRATE	fillable-slot
templates/feature-screenplay.fountain	292	5	中点核心地点	[中点核心地点]	[[中点核心地点]]	MIGRATE	fillable-slot
templates/feature-screenplay.fountain	292	16	夜	[夜]	[[夜]]	MIGRATE	fillable-slot
templates/feature-screenplay.fountain	294	1	主角接近或执行一个高风险行动。	[主角接近或执行一个高风险行动。]	[[主角接近或执行一个高风险行动。]]	MIGRATE	fillable-slot
templates/feature-screenplay.fountain	296	1	关键真相、背叛、资源转移、公开事件或不可逆选择发生。	[关键真相、背叛、资源转移、公开事件或不可逆选择发生。]	[[关键真相、背叛、资源转移、公开事件或不可逆选择发生。]]	MIGRATE	fillable-slot
templates/feature-screenplay.fountain	298	2	主角	[主角]	[[主角]]	MIGRATE	fillable-slot
templates/feature-screenplay.fountain	299	1	主角对真相作出行动，而非只表现震惊。	[主角对真相作出行动，而非只表现震惊。]	[[主角对真相作出行动，而非只表现震惊。]]	MIGRATE	fillable-slot
templates/feature-screenplay.fountain	322	5	地点	[地点]	[[地点]]	MIGRATE	fillable-slot
templates/feature-screenplay.fountain	322	12	稍后	[稍后]	[[稍后]]	MIGRATE	fillable-slot
templates/feature-screenplay.fountain	324	1	展示中点后新的现实。	[展示中点后新的现实。]	[[展示中点后新的现实。]]	MIGRATE	fillable-slot
templates/feature-screenplay.fountain	326	1	主角不再能使用第一幕或第二幕 A 的旧策略。	[主角不再能使用第一幕或第二幕 A 的旧策略。]	[[主角不再能使用第一幕或第二幕 A 的旧策略。]]	MIGRATE	fillable-slot
templates/feature-screenplay.fountain	328	2	主角	[主角]	[[主角]]	MIGRATE	fillable-slot
templates/feature-screenplay.fountain	329	1	提出新计划或新目标。	[提出新计划或新目标。]	[[提出新计划或新目标。]]	MIGRATE	fillable-slot
templates/feature-screenplay.fountain	335	5	地点	[地点]	[[地点]]	MIGRATE	fillable-slot
templates/feature-screenplay.fountain	335	12	夜	[夜]	[[夜]]	MIGRATE	fillable-slot
templates/feature-screenplay.fountain	337	1	主角执行中点后新策略。	[主角执行中点后新策略。]	[[主角执行中点后新策略。]]	MIGRATE	fillable-slot
templates/feature-screenplay.fountain	339	1	策略更主动、更具体，也更危险。	[策略更主动、更具体，也更危险。]	[[策略更主动、更具体，也更危险。]]	MIGRATE	fillable-slot
templates/feature-screenplay.fountain	341	1	若有盟友，盟友必须有自己的利益与底线。	[若有盟友，盟友必须有自己的利益与底线。]	[[若有盟友，盟友必须有自己的利益与底线。]]	MIGRATE	fillable-slot
templates/feature-screenplay.fountain	347	5	地点	[地点]	[[地点]]	MIGRATE	fillable-slot
templates/feature-screenplay.fountain	347	12	夜	[夜]	[[夜]]	MIGRATE	fillable-slot
templates/feature-screenplay.fountain	349	1	对手实施针对性反击。	[对手实施针对性反击。]	[[对手实施针对性反击。]]	MIGRATE	fillable-slot
templates/feature-screenplay.fountain	351	1	反击应攻击主角最在乎的关系、资源、身份或信念。	[反击应攻击主角最在乎的关系、资源、身份或信念。]	[[反击应攻击主角最在乎的关系、资源、身份或信念。]]	MIGRATE	fillable-slot
templates/feature-screenplay.fountain	353	1	禁止让对手仅靠“突然出现”制造压力。	[禁止让对手仅靠“突然出现”制造压力。]	[[禁止让对手仅靠“突然出现”制造压力。]]	MIGRATE	fillable-slot
templates/feature-screenplay.fountain	360	5	地点	[地点]	[[地点]]	MIGRATE	fillable-slot
templates/feature-screenplay.fountain	360	12	夜	[夜]	[[夜]]	MIGRATE	fillable-slot
templates/feature-screenplay.fountain	362	1	主角与关键关系人物因为中点事实发生冲突。	[主角与关键关系人物因为中点事实发生冲突。]	[[主角与关键关系人物因为中点事实发生冲突。]]	MIGRATE	fillable-slot
templates/feature-screenplay.fountain	364	2	关系人物	[关系人物]	[[关系人物]]	MIGRATE	fillable-slot
templates/feature-screenplay.fountain	365	1	提出无法回避的价值判断。	[提出无法回避的价值判断。]	[[提出无法回避的价值判断。]]	MIGRATE	fillable-slot
templates/feature-screenplay.fountain	367	2	主角	[主角]	[[主角]]	MIGRATE	fillable-slot
templates/feature-screenplay.fountain	368	1	试图维持旧信念或承认其失败。	[试图维持旧信念或承认其失败。]	[[试图维持旧信念或承认其失败。]]	MIGRATE	fillable-slot
templates/feature-screenplay.fountain	370	1	关系发生明确转向：靠近、决裂、背叛、交换或重新结盟。	[关系发生明确转向：靠近、决裂、背叛、交换或重新结盟。]	[[关系发生明确转向：靠近、决裂、背叛、交换或重新结盟。]]	MIGRATE	fillable-slot
templates/feature-screenplay.fountain	377	5	地点	[地点]	[[地点]]	MIGRATE	fillable-slot
templates/feature-screenplay.fountain	377	12	日	[日]	[[日]]	MIGRATE	fillable-slot
templates/feature-screenplay.fountain	379	1	主角的计划看似即将成功。	[主角的计划看似即将成功。]	[[主角的计划看似即将成功。]]	MIGRATE	fillable-slot
templates/feature-screenplay.fountain	381	1	埋设：失败后仍会起作用的关键物件、决定、承诺或规则。	[埋设：失败后仍会起作用的关键物件、决定、承诺或规则。]	[[埋设：失败后仍会起作用的关键物件、决定、承诺或规则。]]	MIGRATE	fillable-slot
templates/feature-screenplay.fountain	388	5	地点	[地点]	[[地点]]	MIGRATE	fillable-slot
templates/feature-screenplay.fountain	388	12	连续	[连续]	[[连续]]	MIGRATE	fillable-slot
templates/feature-screenplay.fountain	390	1	对手、制度或人物选择使计划失败。	[对手、制度或人物选择使计划失败。]	[[对手、制度或人物选择使计划失败。]]	MIGRATE	fillable-slot
templates/feature-screenplay.fountain	392	1	主角失去关键资源。	[主角失去关键资源。]	[[主角失去关键资源。]]	MIGRATE	fillable-slot
templates/feature-screenplay.fountain	394	1	失败必须来自已建立的因果：错误判断、关系代价、对手反制或规则限制。	[失败必须来自已建立的因果：错误判断、关系代价、对手反制或规则限制。]	[[失败必须来自已建立的因果：错误判断、关系代价、对手反制或规则限制。]]	MIGRATE	fillable-slot
templates/feature-screenplay.fountain	408	5	地点	[地点]	[[地点]]	MIGRATE	fillable-slot
templates/feature-screenplay.fountain	408	12	夜	[夜]	[[夜]]	MIGRATE	fillable-slot
templates/feature-screenplay.fountain	410	1	主角试图回到安全方案、旧身份或旧关系。	[主角试图回到安全方案、旧身份或旧关系。]	[[主角试图回到安全方案、旧身份或旧关系。]]	MIGRATE	fillable-slot
templates/feature-screenplay.fountain	412	1	发现退路已消失。	[发现退路已消失。]	[[发现退路已消失。]]	MIGRATE	fillable-slot
templates/feature-screenplay.fountain	414	2	主角	[主角]	[[主角]]	MIGRATE	fillable-slot
templates/feature-screenplay.fountain	415	1	做出一个更孤独、更有代价的决定。	[做出一个更孤独、更有代价的决定。]	[[做出一个更孤独、更有代价的决定。]]	MIGRATE	fillable-slot
templates/feature-screenplay.fountain	429	5	危机地点	[危机地点]	[[危机地点]]	MIGRATE	fillable-slot
templates/feature-screenplay.fountain	429	14	夜	[夜]	[[夜]]	MIGRATE	fillable-slot
templates/feature-screenplay.fountain	431	1	主角处于最低点。	[主角处于最低点。]	[[主角处于最低点。]]	MIGRATE	fillable-slot
templates/feature-screenplay.fountain	433	1	不要只让主角哭泣、回忆或自责；让其面对一个必须决定的具体行动。	[不要只让主角哭泣、回忆或自责；让其面对一个必须决定的具体行动。]	[[不要只让主角哭泣、回忆或自责；让其面对一个必须决定的具体行动。]]	MIGRATE	fillable-slot
templates/feature-screenplay.fountain	435	2	主角	[主角]	[[主角]]	MIGRATE	fillable-slot
templates/feature-screenplay.fountain	436	1	承认、拒绝、请求、放弃或重定义目标。	[承认、拒绝、请求、放弃或重定义目标。]	[[承认、拒绝、请求、放弃或重定义目标。]]	MIGRATE	fillable-slot
templates/feature-screenplay.fountain	438	1	主角发现：若继续使用旧策略，将失去最重要的东西。	[主角发现：若继续使用旧策略，将失去最重要的东西。]	[[主角发现：若继续使用旧策略，将失去最重要的东西。]]	MIGRATE	fillable-slot
templates/feature-screenplay.fountain	453	5	准备地点	[准备地点]	[[准备地点]]	MIGRATE	fillable-slot
templates/feature-screenplay.fountain	453	14	黎明/夜	[黎明/夜]	[[黎明/夜]]	MIGRATE	fillable-slot
templates/feature-screenplay.fountain	455	1	主角整理有限资源。	[主角整理有限资源。]	[[主角整理有限资源。]]	MIGRATE	fillable-slot
templates/feature-screenplay.fountain	457	1	主角可与一名关键人物和解、决裂或达成条件明确的合作。	[主角可与一名关键人物和解、决裂或达成条件明确的合作。]	[[主角可与一名关键人物和解、决裂或达成条件明确的合作。]]	MIGRATE	fillable-slot
templates/feature-screenplay.fountain	459	2	主角	[主角]	[[主角]]	MIGRATE	fillable-slot
templates/feature-screenplay.fountain	460	1	表达行动计划。	[表达行动计划。]	[[表达行动计划。]]	MIGRATE	fillable-slot
templates/feature-screenplay.fountain	462	2	关键关系人物	[关键关系人物]	[[关键关系人物]]	MIGRATE	fillable-slot
templates/feature-screenplay.fountain	463	1	确认代价，而非轻易鼓励。	[确认代价，而非轻易鼓励。]	[[确认代价，而非轻易鼓励。]]	MIGRATE	fillable-slot
templates/feature-screenplay.fountain	465	1	准备必须调用此前建立的能力、道具、关系、规则或线索。	[准备必须调用此前建立的能力、道具、关系、规则或线索。]	[[准备必须调用此前建立的能力、道具、关系、规则或线索。]]	MIGRATE	fillable-slot
templates/feature-screenplay.fountain	471	5	高潮地点	[高潮地点]	[[高潮地点]]	MIGRATE	fillable-slot
templates/feature-screenplay.fountain	471	14	日/夜	[日/夜]	[[日/夜]]	MIGRATE	fillable-slot
templates/feature-screenplay.fountain	473	1	主角主动进入最终冲突空间。	[主角主动进入最终冲突空间。]	[[主角主动进入最终冲突空间。]]	MIGRATE	fillable-slot
templates/feature-screenplay.fountain	475	1	空间、道具和规则应服务核心选择。	[空间、道具和规则应服务核心选择。]	[[空间、道具和规则应服务核心选择。]]	MIGRATE	fillable-slot
templates/feature-screenplay.fountain	477	1	不要把高潮写成信息说明会。	[不要把高潮写成信息说明会。]	[[不要把高潮写成信息说明会。]]	MIGRATE	fillable-slot
templates/feature-screenplay.fountain	483	5	高潮核心空间	[高潮核心空间]	[[高潮核心空间]]	MIGRATE	fillable-slot
templates/feature-screenplay.fountain	483	16	连续	[连续]	[[连续]]	MIGRATE	fillable-slot
templates/feature-screenplay.fountain	485	1	主角与对手在目标、价值或资源上正面冲突。	[主角与对手在目标、价值或资源上正面冲突。]	[[主角与对手在目标、价值或资源上正面冲突。]]	MIGRATE	fillable-slot
templates/feature-screenplay.fountain	487	2	对手	[对手]	[[对手]]	MIGRATE	fillable-slot
templates/feature-screenplay.fountain	488	1	对手提出主角旧信念的诱惑、威胁或合理化。	[对手提出主角旧信念的诱惑、威胁或合理化。]	[[对手提出主角旧信念的诱惑、威胁或合理化。]]	MIGRATE	fillable-slot
templates/feature-screenplay.fountain	490	2	主角	[主角]	[[主角]]	MIGRATE	fillable-slot
templates/feature-screenplay.fountain	491	1	主角不只是反驳，而是采取不同于过去的行动。	[主角不只是反驳，而是采取不同于过去的行动。]	[[主角不只是反驳，而是采取不同于过去的行动。]]	MIGRATE	fillable-slot
templates/feature-screenplay.fountain	493	1	主角为行动付出明确代价。	[主角为行动付出明确代价。]	[[主角为行动付出明确代价。]]	MIGRATE	fillable-slot
templates/feature-screenplay.fountain	505	5	地点	[地点]	[[地点]]	MIGRATE	fillable-slot
templates/feature-screenplay.fountain	505	12	稍后	[稍后]	[[稍后]]	MIGRATE	fillable-slot
templates/feature-screenplay.fountain	507	1	展示胜利、失败或代价性胜利的即时结果。	[展示胜利、失败或代价性胜利的即时结果。]	[[展示胜利、失败或代价性胜利的即时结果。]]	MIGRATE	fillable-slot
templates/feature-screenplay.fountain	524	5	与开场形成对照的地点	[与开场形成对照的地点]	[[与开场形成对照的地点]]	MIGRATE	fillable-slot
templates/feature-screenplay.fountain	524	20	日/夜	[日/夜]	[[日/夜]]	MIGRATE	fillable-slot
templates/feature-screenplay.fountain	526	1	主角面对一个与开场相似但本质不同的情境。	[主角面对一个与开场相似但本质不同的情境。]	[[主角面对一个与开场相似但本质不同的情境。]]	MIGRATE	fillable-slot
templates/feature-screenplay.fountain	528	1	主角以新选择回应。	[主角以新选择回应。]	[[主角以新选择回应。]]	MIGRATE	fillable-slot
templates/feature-screenplay.fountain	530	1	若主角未改变，结局应展示其失败代价，而不是假装圆满。	[若主角未改变，结局应展示其失败代价，而不是假装圆满。]	[[若主角未改变，结局应展示其失败代价，而不是假装圆满。]]	MIGRATE	fillable-slot
templates/feature-screenplay.fountain	532	2	主角	[主角]	[[主角]]	MIGRATE	fillable-slot
templates/feature-screenplay.fountain	533	1	可选：一句短台词。只有在行动无法表达时保留。	[可选：一句短台词。只有在行动无法表达时保留。]	[[可选：一句短台词。只有在行动无法表达时保留。]]	MIGRATE	fillable-slot
templates/feature-screenplay.fountain	552	3	 	[ ]	[ ]	PRESERVE	markdown-checkbox
templates/feature-screenplay.fountain	553	3	 	[ ]	[ ]	PRESERVE	markdown-checkbox
templates/feature-screenplay.fountain	554	3	 	[ ]	[ ]	PRESERVE	markdown-checkbox
templates/feature-screenplay.fountain	555	3	 	[ ]	[ ]	PRESERVE	markdown-checkbox
templates/feature-screenplay.fountain	556	3	 	[ ]	[ ]	PRESERVE	markdown-checkbox
templates/feature-screenplay.fountain	559	3	 	[ ]	[ ]	PRESERVE	markdown-checkbox
templates/feature-screenplay.fountain	560	3	 	[ ]	[ ]	PRESERVE	markdown-checkbox
templates/feature-screenplay.fountain	561	3	 	[ ]	[ ]	PRESERVE	markdown-checkbox
templates/feature-screenplay.fountain	562	3	 	[ ]	[ ]	PRESERVE	markdown-checkbox
templates/feature-screenplay.fountain	563	3	 	[ ]	[ ]	PRESERVE	markdown-checkbox
templates/feature-screenplay.fountain	566	3	 	[ ]	[ ]	PRESERVE	markdown-checkbox
templates/feature-screenplay.fountain	567	3	 	[ ]	[ ]	PRESERVE	markdown-checkbox
templates/feature-screenplay.fountain	568	3	 	[ ]	[ ]	PRESERVE	markdown-checkbox
templates/feature-screenplay.fountain	569	3	 	[ ]	[ ]	PRESERVE	markdown-checkbox
templates/feature-screenplay.fountain	570	3	 	[ ]	[ ]	PRESERVE	markdown-checkbox
templates/feature-screenplay.fountain	573	3	 	[ ]	[ ]	PRESERVE	markdown-checkbox
templates/feature-screenplay.fountain	574	3	 	[ ]	[ ]	PRESERVE	markdown-checkbox
templates/feature-screenplay.fountain	575	3	 	[ ]	[ ]	PRESERVE	markdown-checkbox
templates/feature-screenplay.fountain	576	3	 	[ ]	[ ]	PRESERVE	markdown-checkbox
templates/feature-screenplay.fountain	577	3	 	[ ]	[ ]	PRESERVE	markdown-checkbox
templates/feature-screenplay.fountain	580	3	 	[ ]	[ ]	PRESERVE	markdown-checkbox
templates/feature-screenplay.fountain	581	3	 	[ ]	[ ]	PRESERVE	markdown-checkbox
templates/feature-screenplay.fountain	582	3	 	[ ]	[ ]	PRESERVE	markdown-checkbox
templates/feature-screenplay.fountain	583	3	 	[ ]	[ ]	PRESERVE	markdown-checkbox
templates/feature-screenplay.fountain	584	3	 	[ ]	[ ]	PRESERVE	markdown-checkbox
templates/feature-screenplay.fountain	587	3	 	[ ]	[ ]	PRESERVE	markdown-checkbox
templates/feature-screenplay.fountain	588	3	 	[ ]	[ ]	PRESERVE	markdown-checkbox
templates/feature-screenplay.fountain	589	3	 	[ ]	[ ]	PRESERVE	markdown-checkbox
templates/feature-screenplay.fountain	590	3	 	[ ]	[ ]	PRESERVE	markdown-checkbox
templates/feature-screenplay.fountain	591	3	 	[ ]	[ ]	PRESERVE	markdown-checkbox
templates/feature-screenplay.fountain	594	3	 	[ ]	[ ]	PRESERVE	markdown-checkbox
templates/feature-screenplay.fountain	595	3	 	[ ]	[ ]	PRESERVE	markdown-checkbox
templates/feature-screenplay.fountain	596	3	 	[ ]	[ ]	PRESERVE	markdown-checkbox
templates/feature-screenplay.fountain	597	3	 	[ ]	[ ]	PRESERVE	markdown-checkbox
templates/feature-screenplay.fountain	598	3	 	[ ]	[ ]	PRESERVE	markdown-checkbox
templates/feature-screenplay.fountain	599	3	 	[ ]	[ ]	PRESERVE	markdown-checkbox
templates/governance/change-log.md	4	21	SLUG	[SLUG]	[[SLUG]]	MIGRATE	fillable-slot
templates/governance/change-log.md	5	27	SLUG	[SLUG]	[[SLUG]]	MIGRATE	fillable-slot
templates/governance/change-log.md	8	8	OWNER	[OWNER]	[[OWNER]]	MIGRATE	fillable-slot
templates/governance/change-log.md	23	3	project-root	[project-root]	[[project-root]]	MIGRATE	fillable-slot
templates/governance/change-log.md	67	10	项目名称	[项目名称]	[[项目名称]]	MIGRATE	fillable-slot
templates/governance/change-log.md	68	11	PROJECT_ID	[PROJECT_ID]	[[PROJECT_ID]]	MIGRATE	fillable-slot
templates/governance/change-log.md	69	13	MAJOR	[MAJOR]	[[MAJOR]]	MIGRATE	fillable-slot
templates/governance/change-log.md	69	21	MINOR	[MINOR]	[[MINOR]]	MIGRATE	fillable-slot
templates/governance/change-log.md	69	29	PATCH	[PATCH]	[[PATCH]]	MIGRATE	fillable-slot
templates/governance/change-log.md	70	12	版本 / 日期	[版本 / 日期]	[[版本 / 日期]]	MIGRATE	fillable-slot
templates/governance/change-log.md	73	9	姓名 / 角色	[姓名 / 角色]	[[姓名 / 角色]]	MIGRATE	fillable-slot
templates/governance/change-log.md	74	10	YYYY-MM-DD	[YYYY-MM-DD]	[[YYYY-MM-DD]]	MIGRATE	fillable-slot
templates/governance/change-log.md	75	20	路径 / 版本	[路径 / 版本]	[[路径 / 版本]]	MIGRATE	fillable-slot
templates/governance/change-log.md	76	14	路径	[路径]	[[路径]]	MIGRATE	fillable-slot
templates/governance/change-log.md	77	12	路径 / 版本	[路径 / 版本]	[[路径 / 版本]]	MIGRATE	fillable-slot
templates/governance/change-log.md	78	12	路径 / 版本	[路径 / 版本]	[[路径 / 版本]]	MIGRATE	fillable-slot
templates/governance/change-log.md	85	1	填写，例如 v0.8.2	[填写，例如 v0.8.2]	[[填写，例如 v0.8.2]]	MIGRATE	fillable-slot
templates/governance/change-log.md	92	1	Story Bible 路径与版本	[Story Bible 路径与版本]	[[Story Bible 路径与版本]]	MIGRATE	fillable-slot
templates/governance/change-log.md	95	1	剧本路径与版本	[剧本路径与版本]	[[剧本路径与版本]]	MIGRATE	fillable-slot
templates/governance/change-log.md	98	1	如适用，填写路径与版本	[如适用，填写路径与版本]	[[如适用，填写路径与版本]]	MIGRATE	fillable-slot
templates/governance/change-log.md	261	4	Unreleased	[Unreleased]	[Unreleased]	PRESERVE	fixed-changelog-label
templates/governance/change-log.md	265	3	 	[ ]	[ ]	PRESERVE	markdown-checkbox
templates/governance/change-log.md	265	8	NOTICE-000	[NOTICE-000]	[[NOTICE-000]]	MIGRATE	fillable-slot
templates/governance/change-log.md	265	22	新增内容	[新增内容]	[[新增内容]]	MIGRATE	fillable-slot
templates/governance/change-log.md	265	32	文件/角色/场景/资产	[文件/角色/场景/资产]	[[文件/角色/场景/资产]]	MIGRATE	fillable-slot
templates/governance/change-log.md	265	49	APPROVED / IN_PROGRESS	[APPROVED / IN_PROGRESS]	[[APPROVED / IN_PROGRESS]]	MIGRATE	fillable-slot
templates/governance/change-log.md	265	77	NOTICE-000	[NOTICE-000]	[[NOTICE-000]]	MIGRATE	fillable-slot
templates/governance/change-log.md	269	3	 	[ ]	[ ]	PRESERVE	markdown-checkbox
templates/governance/change-log.md	269	8	NOTICE-000	[NOTICE-000]	[[NOTICE-000]]	MIGRATE	fillable-slot
templates/governance/change-log.md	269	22	旧内容	[旧内容]	[[旧内容]]	MIGRATE	fillable-slot
templates/governance/change-log.md	269	31	新内容	[新内容]	[[新内容]]	MIGRATE	fillable-slot
templates/governance/change-log.md	269	40	原因	[原因]	[[原因]]	MIGRATE	fillable-slot
templates/governance/change-log.md	269	48	范围	[范围]	[[范围]]	MIGRATE	fillable-slot
templates/governance/change-log.md	269	56	状态	[状态]	[[状态]]	MIGRATE	fillable-slot
templates/governance/change-log.md	269	64	NOTICE-000	[NOTICE-000]	[[NOTICE-000]]	MIGRATE	fillable-slot
templates/governance/change-log.md	273	3	 	[ ]	[ ]	PRESERVE	markdown-checkbox
templates/governance/change-log.md	273	8	NOTICE-000	[NOTICE-000]	[[NOTICE-000]]	MIGRATE	fillable-slot
templates/governance/change-log.md	273	22	旧文件/旧规则/旧资产	[旧文件/旧规则/旧资产]	[[旧文件/旧规则/旧资产]]	MIGRATE	fillable-slot
templates/governance/change-log.md	273	56	新文件/新规则	[新文件/新规则]	[[新文件/新规则]]	MIGRATE	fillable-slot
templates/governance/change-log.md	273	71	条件	[条件]	[[条件]]	MIGRATE	fillable-slot
templates/governance/change-log.md	277	3	 	[ ]	[ ]	PRESERVE	markdown-checkbox
templates/governance/change-log.md	277	8	NOTICE-000	[NOTICE-000]	[[NOTICE-000]]	MIGRATE	fillable-slot
templates/governance/change-log.md	277	22	删除内容	[删除内容]	[[删除内容]]	MIGRATE	fillable-slot
templates/governance/change-log.md	277	32	原因	[原因]	[[原因]]	MIGRATE	fillable-slot
templates/governance/change-log.md	277	42	已同步/待同步	[已同步/待同步]	[[已同步/待同步]]	MIGRATE	fillable-slot
templates/governance/change-log.md	281	3	 	[ ]	[ ]	PRESERVE	markdown-checkbox
templates/governance/change-log.md	281	8	NOTICE-000	[NOTICE-000]	[[NOTICE-000]]	MIGRATE	fillable-slot
templates/governance/change-log.md	281	25	问题	[问题]	[[问题]]	MIGRATE	fillable-slot
templates/governance/change-log.md	281	33	位置	[位置]	[[位置]]	MIGRATE	fillable-slot
templates/governance/change-log.md	281	41	方法	[方法]	[[方法]]	MIGRATE	fillable-slot
templates/governance/change-log.md	281	49	状态	[状态]	[[状态]]	MIGRATE	fillable-slot
templates/governance/change-log.md	285	3	 	[ ]	[ ]	PRESERVE	markdown-checkbox
templates/governance/change-log.md	285	8	NOTICE-000	[NOTICE-000]	[[NOTICE-000]]	MIGRATE	fillable-slot
templates/governance/change-log.md	285	22	保密/访问/资产边界修复	[保密/访问/资产边界修复]	[[保密/访问/资产边界修复]]	MIGRATE	fillable-slot
templates/governance/change-log.md	285	40	范围	[范围]	[[范围]]	MIGRATE	fillable-slot
templates/governance/change-log.md	285	48	措施	[措施]	[[措施]]	MIGRATE	fillable-slot
templates/governance/change-log.md	289	3	 	[ ]	[ ]	PRESERVE	markdown-checkbox
templates/governance/change-log.md	289	8	NOTICE-000	[NOTICE-000]	[[NOTICE-000]]	MIGRATE	fillable-slot
templates/governance/change-log.md	289	22	研究结论/来源状态变化	[研究结论/来源状态变化]	[[研究结论/来源状态变化]]	MIGRATE	fillable-slot
templates/governance/change-log.md	289	42	CLM-000	[CLM-000]	[[CLM-000]]	MIGRATE	fillable-slot
templates/governance/change-log.md	289	59	SRC-000	[SRC-000]	[[SRC-000]]	MIGRATE	fillable-slot
templates/governance/change-log.md	289	74	限制	[限制]	[[限制]]	MIGRATE	fillable-slot
templates/governance/change-log.md	293	3	 	[ ]	[ ]	PRESERVE	markdown-checkbox
templates/governance/change-log.md	293	8	NOTICE-000	[NOTICE-000]	[[NOTICE-000]]	MIGRATE	fillable-slot
templates/governance/change-log.md	293	22	生产方案变化	[生产方案变化]	[[生产方案变化]]	MIGRATE	fillable-slot
templates/governance/change-log.md	293	35	旧	[旧]	[[旧]]	MIGRATE	fillable-slot
templates/governance/change-log.md	293	43	新	[新]	[[新]]	MIGRATE	fillable-slot
templates/governance/change-log.md	293	55	内容	[内容]	[[内容]]	MIGRATE	fillable-slot
templates/governance/change-log.md	297	3	 	[ ]	[ ]	PRESERVE	markdown-checkbox
templates/governance/change-log.md	297	8	NOTICE-000	[NOTICE-000]	[[NOTICE-000]]	MIGRATE	fillable-slot
templates/governance/change-log.md	297	22	权利或许可变化	[权利或许可变化]	[[权利或许可变化]]	MIGRATE	fillable-slot
templates/governance/change-log.md	297	35	对象	[对象]	[[对象]]	MIGRATE	fillable-slot
templates/governance/change-log.md	297	43	替换/授权/移除/待法务	[替换/授权/移除/待法务]	[[替换/授权/移除/待法务]]	MIGRATE	fillable-slot
templates/governance/change-log.md	301	3	 	[ ]	[ ]	PRESERVE	markdown-checkbox
templates/governance/change-log.md	301	8	NOTICE-000	[NOTICE-000]	[[NOTICE-000]]	MIGRATE	fillable-slot
templates/governance/change-log.md	301	22	风险变化	[风险变化]	[[风险变化]]	MIGRATE	fillable-slot
templates/governance/change-log.md	301	34	P0/P1/P2	[P0/P1/P2]	[[P0/P1/P2]]	MIGRATE	fillable-slot
templates/governance/change-log.md	301	48	OPEN/MITIGATED/ACCEPTED/CLOSED	[OPEN/MITIGATED/ACCEPTED/CLOSED]	[[OPEN/MITIGATED/ACCEPTED/CLOSED]]	MIGRATE	fillable-slot
templates/governance/change-log.md	305	3	 	[ ]	[ ]	PRESERVE	markdown-checkbox
templates/governance/change-log.md	305	8	NOTICE-000	[NOTICE-000]	[[NOTICE-000]]	MIGRATE	fillable-slot
templates/governance/change-log.md	305	35	旧基线不再有效的原因	[旧基线不再有效的原因]	[[旧基线不再有效的原因]]	MIGRATE	fillable-slot
templates/governance/change-log.md	305	53	必须更新的文件/资产	[必须更新的文件/资产]	[[必须更新的文件/资产]]	MIGRATE	fillable-slot
templates/governance/change-log.md	305	69	NOTICE-000	[NOTICE-000]	[[NOTICE-000]]	MIGRATE	fillable-slot
templates/governance/change-log.md	325	4	vX.Y.Z	[vX.Y.Z]	[[vX.Y.Z]]	MIGRATE	fillable-slot
templates/governance/change-log.md	325	15	YYYY-MM-DD	[YYYY-MM-DD]	[[YYYY-MM-DD]]	MIGRATE	fillable-slot
templates/governance/change-log.md	329	11	此版本解决什么、可用于什么阶段	[此版本解决什么、可用于什么阶段]	[[此版本解决什么、可用于什么阶段]]	MIGRATE	fillable-slot
templates/governance/change-log.md	330	11	上一稳定版本	[上一稳定版本]	[[上一稳定版本]]	MIGRATE	fillable-slot
templates/governance/change-log.md	331	13	NOTICE-000, NOTICE-000	[NOTICE-000, NOTICE-000]	[[NOTICE-000, NOTICE-000]]	MIGRATE	fillable-slot
templates/governance/change-log.md	332	13	REVIEW-000	[REVIEW-000]	[[REVIEW-000]]	MIGRATE	fillable-slot
templates/governance/change-log.md	333	12	Story Bible vX.Y.Z	[Story Bible vX.Y.Z]	[[Story Bible vX.Y.Z]]	MIGRATE	fillable-slot
templates/governance/change-log.md	334	13	文件路径 / 版本	[文件路径 / 版本]	[[文件路径 / 版本]]	MIGRATE	fillable-slot
templates/governance/change-log.md	341	5	新增对象	[新增对象]	[[新增对象]]	MIGRATE	fillable-slot
templates/governance/change-log.md	341	15	文件/模块/角色/规则/场景/资产	[文件/模块/角色/规则/场景/资产]	[[文件/模块/角色/规则/场景/资产]]	MIGRATE	fillable-slot
templates/governance/change-log.md	341	39	用途	[用途]	[[用途]]	MIGRATE	fillable-slot
templates/governance/change-log.md	341	47	影响范围	[影响范围]	[[影响范围]]	MIGRATE	fillable-slot
templates/governance/change-log.md	341	57	NOTICE-000	[NOTICE-000]	[[NOTICE-000]]	MIGRATE	fillable-slot
templates/governance/change-log.md	342	5	新增对象	[新增对象]	[[新增对象]]	MIGRATE	fillable-slot
templates/governance/change-log.md	342	15	内容	[内容]	[[内容]]	MIGRATE	fillable-slot
templates/governance/change-log.md	342	24	如何验证	[如何验证]	[[如何验证]]	MIGRATE	fillable-slot
templates/governance/change-log.md	342	34	NOTICE-000	[NOTICE-000]	[[NOTICE-000]]	MIGRATE	fillable-slot
templates/governance/change-log.md	346	5	对象	[对象]	[[对象]]	MIGRATE	fillable-slot
templates/governance/change-log.md	346	15	旧状态	[旧状态]	[[旧状态]]	MIGRATE	fillable-slot
templates/governance/change-log.md	346	26	新状态	[新状态]	[[新状态]]	MIGRATE	fillable-slot
templates/governance/change-log.md	346	36	原因	[原因]	[[原因]]	MIGRATE	fillable-slot
templates/governance/change-log.md	346	44	人物/因果/信息/制作	[人物/因果/信息/制作]	[[人物/因果/信息/制作]]	MIGRATE	fillable-slot
templates/governance/change-log.md	346	61	NOTICE-000	[NOTICE-000]	[[NOTICE-000]]	MIGRATE	fillable-slot
templates/governance/change-log.md	347	5	对象	[对象]	[[对象]]	MIGRATE	fillable-slot
templates/governance/change-log.md	347	15	旧结构/旧策略	[旧结构/旧策略]	[[旧结构/旧策略]]	MIGRATE	fillable-slot
templates/governance/change-log.md	347	30	新结构/新策略	[新结构/新策略]	[[新结构/新策略]]	MIGRATE	fillable-slot
templates/governance/change-log.md	347	44	对后续产生的变化	[对后续产生的变化]	[[对后续产生的变化]]	MIGRATE	fillable-slot
templates/governance/change-log.md	347	58	NOTICE-000	[NOTICE-000]	[[NOTICE-000]]	MIGRATE	fillable-slot
templates/governance/change-log.md	351	5	对象	[对象]	[[对象]]	MIGRATE	fillable-slot
templates/governance/change-log.md	351	13	旧文件/旧规则/旧资产	[旧文件/旧规则/旧资产]	[[旧文件/旧规则/旧资产]]	MIGRATE	fillable-slot
templates/governance/change-log.md	351	40	新对象	[新对象]	[[新对象]]	MIGRATE	fillable-slot
templates/governance/change-log.md	351	51	版本或日期	[版本或日期]	[[版本或日期]]	MIGRATE	fillable-slot
templates/governance/change-log.md	351	62	NOTICE-000	[NOTICE-000]	[[NOTICE-000]]	MIGRATE	fillable-slot
templates/governance/change-log.md	355	5	对象	[对象]	[[对象]]	MIGRATE	fillable-slot
templates/governance/change-log.md	355	16	角色/支线/场景/资产/规则	[角色/支线/场景/资产/规则]	[[角色/支线/场景/资产/规则]]	MIGRATE	fillable-slot
templates/governance/change-log.md	355	37	原因	[原因]	[[原因]]	MIGRATE	fillable-slot
templates/governance/change-log.md	355	48	范围	[范围]	[[范围]]	MIGRATE	fillable-slot
templates/governance/change-log.md	355	56	NOTICE-000	[NOTICE-000]	[[NOTICE-000]]	MIGRATE	fillable-slot
templates/governance/change-log.md	359	5	问题	[问题]	[[问题]]	MIGRATE	fillable-slot
templates/governance/change-log.md	359	16	矛盾/连续性/因果/格式/生产问题	[矛盾/连续性/因果/格式/生产问题]	[[矛盾/连续性/因果/格式/生产问题]]	MIGRATE	fillable-slot
templates/governance/change-log.md	359	41	简述	[简述]	[[简述]]	MIGRATE	fillable-slot
templates/governance/change-log.md	359	49	简述	[简述]	[[简述]]	MIGRATE	fillable-slot
templates/governance/change-log.md	359	57	方法	[方法]	[[方法]]	MIGRATE	fillable-slot
templates/governance/change-log.md	359	65	NOTICE-000	[NOTICE-000]	[[NOTICE-000]]	MIGRATE	fillable-slot
templates/governance/change-log.md	360	5	问题	[问题]	[[问题]]	MIGRATE	fillable-slot
templates/governance/change-log.md	360	16	问题	[问题]	[[问题]]	MIGRATE	fillable-slot
templates/governance/change-log.md	360	25	文件位置	[文件位置]	[[文件位置]]	MIGRATE	fillable-slot
templates/governance/change-log.md	360	35	结果	[结果]	[[结果]]	MIGRATE	fillable-slot
templates/governance/change-log.md	360	43	NOTICE-000	[NOTICE-000]	[[NOTICE-000]]	MIGRATE	fillable-slot
templates/governance/change-log.md	364	5	问题	[问题]	[[问题]]	MIGRATE	fillable-slot
templates/governance/change-log.md	364	16	访问/保密/素材泄露/账号/敏感数据	[访问/保密/素材泄露/账号/敏感数据]	[[访问/保密/素材泄露/账号/敏感数据]]	MIGRATE	fillable-slot
templates/governance/change-log.md	364	41	措施	[措施]	[[措施]]	MIGRATE	fillable-slot
templates/governance/change-log.md	364	49	NOTICE-000	[NOTICE-000]	[[NOTICE-000]]	MIGRATE	fillable-slot
templates/governance/change-log.md	368	5	Claim/Source	[Claim/Source]	[[Claim/Source]]	MIGRATE	fillable-slot
templates/governance/change-log.md	368	23	CLM-000	[CLM-000]	[[CLM-000]]	MIGRATE	fillable-slot
templates/governance/change-log.md	368	40	旧状态	[旧状态]	[[旧状态]]	MIGRATE	fillable-slot
templates/governance/change-log.md	368	51	新状态	[新状态]	[[新状态]]	MIGRATE	fillable-slot
templates/governance/change-log.md	368	61	SRC-000	[SRC-000]	[[SRC-000]]	MIGRATE	fillable-slot
templates/governance/change-log.md	368	76	限制	[限制]	[[限制]]	MIGRATE	fillable-slot
templates/governance/change-log.md	368	84	NOTICE-000	[NOTICE-000]	[[NOTICE-000]]	MIGRATE	fillable-slot
templates/governance/change-log.md	372	5	生产决策	[生产决策]	[[生产决策]]	MIGRATE	fillable-slot
templates/governance/change-log.md	372	17	旧方案	[旧方案]	[[旧方案]]	MIGRATE	fillable-slot
templates/governance/change-log.md	372	28	新方案	[新方案]	[[新方案]]	MIGRATE	fillable-slot
templates/governance/change-log.md	372	38	预算/安全/AI 可行性/排期	[预算/安全/AI 可行性/排期]	[[预算/安全/AI 可行性/排期]]	MIGRATE	fillable-slot
templates/governance/change-log.md	372	59	镜头/资产/时长	[镜头/资产/时长]	[[镜头/资产/时长]]	MIGRATE	fillable-slot
templates/governance/change-log.md	372	73	NOTICE-000	[NOTICE-000]	[[NOTICE-000]]	MIGRATE	fillable-slot
templates/governance/change-log.md	376	5	权利决策	[权利决策]	[[权利决策]]	MIGRATE	fillable-slot
templates/governance/change-log.md	376	15	对象	[对象]	[[对象]]	MIGRATE	fillable-slot
templates/governance/change-log.md	376	24	旧状态	[旧状态]	[[旧状态]]	MIGRATE	fillable-slot
templates/governance/change-log.md	376	35	新状态	[新状态]	[[新状态]]	MIGRATE	fillable-slot
templates/governance/change-log.md	376	45	替换/授权/移除/法务确认	[替换/授权/移除/法务确认]	[[替换/授权/移除/法务确认]]	MIGRATE	fillable-slot
templates/governance/change-log.md	376	64	NOTICE-000	[NOTICE-000]	[[NOTICE-000]]	MIGRATE	fillable-slot
templates/governance/change-log.md	380	5	风险	[风险]	[[风险]]	MIGRATE	fillable-slot
templates/governance/change-log.md	380	15	OPEN/MITIGATED	[OPEN/MITIGATED]	[[OPEN/MITIGATED]]	MIGRATE	fillable-slot
templates/governance/change-log.md	380	37	ACCEPTED/CLOSED	[ACCEPTED/CLOSED]	[[ACCEPTED/CLOSED]]	MIGRATE	fillable-slot
templates/governance/change-log.md	380	59	理由	[理由]	[[理由]]	MIGRATE	fillable-slot
templates/governance/change-log.md	380	69	措施	[措施]	[[措施]]	MIGRATE	fillable-slot
templates/governance/change-log.md	380	78	角色	[角色]	[[角色]]	MIGRATE	fillable-slot
templates/governance/change-log.md	380	86	日期	[日期]	[[日期]]	MIGRATE	fillable-slot
templates/governance/change-log.md	386	16	变化名称	[变化名称]	[[变化名称]]	MIGRATE	fillable-slot
templates/governance/change-log.md	387	9	旧事实/文件/流程	[旧事实/文件/流程]	[[旧事实/文件/流程]]	MIGRATE	fillable-slot
templates/governance/change-log.md	388	9	新事实/文件/流程	[新事实/文件/流程]	[[新事实/文件/流程]]	MIGRATE	fillable-slot
templates/governance/change-log.md	389	13	具体原因	[具体原因]	[[具体原因]]	MIGRATE	fillable-slot
templates/governance/change-log.md	390	10	文件、场景、资产、镜头、配音、字幕、UI、研究或制作包	[文件、场景、资产、镜头、配音、字幕、UI、研究或制作包]	[[文件、场景、资产、镜头、配音、字幕、UI、研究或制作包]]	MIGRATE	fillable-slot
templates/governance/change-log.md	391	11	范围	[范围]	[[范围]]	MIGRATE	fillable-slot
templates/governance/change-log.md	392	10	范围/例外	[范围/例外]	[[范围/例外]]	MIGRATE	fillable-slot
templates/governance/change-log.md	393	10	条件	[条件]	[[条件]]	MIGRATE	fillable-slot
templates/governance/change-log.md	394	8	NOTICE-000	[NOTICE-000]	[[NOTICE-000]]	MIGRATE	fillable-slot
templates/governance/change-log.md	471	3	 	[ ]	[ ]	PRESERVE	markdown-checkbox
templates/governance/change-log.md	472	3	 	[ ]	[ ]	PRESERVE	markdown-checkbox
templates/governance/change-log.md	473	3	 	[ ]	[ ]	PRESERVE	markdown-checkbox
templates/governance/change-log.md	474	3	 	[ ]	[ ]	PRESERVE	markdown-checkbox
templates/governance/change-log.md	474	23	编号	[编号]	[[编号]]	MIGRATE	fillable-slot
templates/governance/change-log.md	475	3	 	[ ]	[ ]	PRESERVE	markdown-checkbox
templates/governance/change-log.md	476	3	 	[ ]	[ ]	PRESERVE	markdown-checkbox
templates/governance/change-log.md	477	3	 	[ ]	[ ]	PRESERVE	markdown-checkbox
templates/governance/change-log.md	478	3	 	[ ]	[ ]	PRESERVE	markdown-checkbox
templates/governance/change-log.md	479	3	 	[ ]	[ ]	PRESERVE	markdown-checkbox
templates/governance/change-log.md	480	3	 	[ ]	[ ]	PRESERVE	markdown-checkbox
templates/governance/change-log.md	484	3	 	[ ]	[ ]	PRESERVE	markdown-checkbox
templates/governance/change-log.md	485	3	 	[ ]	[ ]	PRESERVE	markdown-checkbox
templates/governance/change-log.md	486	3	 	[ ]	[ ]	PRESERVE	markdown-checkbox
templates/governance/change-log.md	487	3	 	[ ]	[ ]	PRESERVE	markdown-checkbox
templates/governance/change-log.md	488	3	 	[ ]	[ ]	PRESERVE	markdown-checkbox
templates/governance/change-log.md	489	3	 	[ ]	[ ]	PRESERVE	markdown-checkbox
templates/governance/change-log.md	490	3	 	[ ]	[ ]	PRESERVE	markdown-checkbox
templates/governance/change-log.md	494	3	 	[ ]	[ ]	PRESERVE	markdown-checkbox
templates/governance/change-log.md	495	3	 	[ ]	[ ]	PRESERVE	markdown-checkbox
templates/governance/change-log.md	496	3	 	[ ]	[ ]	PRESERVE	markdown-checkbox
templates/governance/change-log.md	497	3	 	[ ]	[ ]	PRESERVE	markdown-checkbox
templates/governance/change-log.md	498	3	 	[ ]	[ ]	PRESERVE	markdown-checkbox
templates/governance/change-log.md	499	3	 	[ ]	[ ]	PRESERVE	markdown-checkbox
templates/governance/change-log.md	500	3	 	[ ]	[ ]	PRESERVE	markdown-checkbox
templates/governance/change-log.md	566	4	Unreleased	[Unreleased]	[Unreleased]	PRESERVE	fixed-changelog-label
templates/governance/change-log.md	570	4	ARCH-001	[ARCH-001]	[ARCH-001]	PRESERVE	fixed-changelog-label
templates/governance/change-log.md	574	4	ARCH-002	[ARCH-002]	[ARCH-002]	PRESERVE	fixed-changelog-label
templates/governance/change-log.md	578	4	ARCH-003	[ARCH-003]	[ARCH-003]	PRESERVE	fixed-changelog-label
templates/governance/change-log.md	582	4	ARCH-001	[ARCH-001]	[ARCH-001]	PRESERVE	fixed-changelog-label
templates/governance/change-log.md	586	4	v0.1.0	[v0.1.0]	[v0.1.0]	PRESERVE	fixed-changelog-label
templates/governance/change-log.md	586	15	YYYY-MM-DD	[YYYY-MM-DD]	[[YYYY-MM-DD]]	MIGRATE	fillable-slot
templates/governance/change-log.md	591	13	待补	[待补]	[[待补]]	MIGRATE	fillable-slot
templates/governance/project-manifest.md	2	22	SLUG	[SLUG]	[[SLUG]]	MIGRATE	fillable-slot
templates/governance/project-manifest.md	4	21	SLUG	[SLUG]	[[SLUG]]	MIGRATE	fillable-slot
templates/governance/project-manifest.md	5	27	SLUG	[SLUG]	[[SLUG]]	MIGRATE	fillable-slot
templates/governance/project-manifest.md	8	8	OWNER	[OWNER]	[[OWNER]]	MIGRATE	fillable-slot
templates/governance/project-manifest.md	21	3	project-root	[project-root]	[[project-root]]	MIGRATE	fillable-slot
templates/governance/project-manifest.md	128	10	中文名称	[中文名称]	[[中文名称]]	MIGRATE	fillable-slot
templates/governance/project-manifest.md	129	13	英文名或工作名	[英文名或工作名]	[[英文名或工作名]]	MIGRATE	fillable-slot
templates/governance/project-manifest.md	130	11	PROJECT_ID	[PROJECT_ID]	[[PROJECT_ID]]	MIGRATE	fillable-slot
templates/governance/project-manifest.md	131	13	project-slug	[project-slug]	[[project-slug]]	MIGRATE	fillable-slot
templates/governance/project-manifest.md	132	21	MAJOR	[MAJOR]	[[MAJOR]]	MIGRATE	fillable-slot
templates/governance/project-manifest.md	132	29	MINOR	[MINOR]	[[MINOR]]	MIGRATE	fillable-slot
templates/governance/project-manifest.md	132	37	PATCH	[PATCH]	[[PATCH]]	MIGRATE	fillable-slot
templates/governance/project-manifest.md	135	10	YYYY-MM-DD	[YYYY-MM-DD]	[[YYYY-MM-DD]]	MIGRATE	fillable-slot
templates/governance/project-manifest.md	136	10	YYYY-MM-DD	[YYYY-MM-DD]	[[YYYY-MM-DD]]	MIGRATE	fillable-slot
templates/governance/project-manifest.md	137	11	姓名 / 角色	[姓名 / 角色]	[[姓名 / 角色]]	MIGRATE	fillable-slot
templates/governance/project-manifest.md	138	11	姓名 / 角色	[姓名 / 角色]	[[姓名 / 角色]]	MIGRATE	fillable-slot
templates/governance/project-manifest.md	139	11	姓名 / 角色	[姓名 / 角色]	[[姓名 / 角色]]	MIGRATE	fillable-slot
templates/governance/project-manifest.md	140	11	姓名 / 角色	[姓名 / 角色]	[[姓名 / 角色]]	MIGRATE	fillable-slot
templates/governance/project-manifest.md	143	10	UTC / 指定时区	[UTC / 指定时区]	[[UTC / 指定时区]]	MIGRATE	fillable-slot
templates/governance/project-manifest.md	170	3	非目标 1	[非目标 1]	[[非目标 1]]	MIGRATE	fillable-slot
templates/governance/project-manifest.md	171	3	非目标 2	[非目标 2]	[[非目标 2]]	MIGRATE	fillable-slot
templates/governance/project-manifest.md	172	3	非目标 3	[非目标 3]	[[非目标 3]]	MIGRATE	fillable-slot
templates/governance/project-manifest.md	209	10	如适用	[如适用]	[[如适用]]	MIGRATE	fillable-slot
templates/governance/project-manifest.md	257	3	填写本项目具体交付条件	[填写本项目具体交付条件]	[[填写本项目具体交付条件]]	MIGRATE	fillable-slot
templates/governance/project-manifest.md	258	3	填写审查/锁定条件	[填写审查/锁定条件]	[[填写审查/锁定条件]]	MIGRATE	fillable-slot
templates/governance/project-manifest.md	259	3	填写生产与发布条件	[填写生产与发布条件]	[[填写生产与发布条件]]	MIGRATE	fillable-slot
templates/governance/project-manifest.md	284	1	观众最初为什么点开？	[观众最初为什么点开？]	[[观众最初为什么点开？]]	MIGRATE	fillable-slot
templates/governance/project-manifest.md	287	1	观众为什么继续？	[观众为什么继续？]	[[观众为什么继续？]]	MIGRATE	fillable-slot
templates/governance/project-manifest.md	290	1	观众应持续感到什么？	[观众应持续感到什么？]	[[观众应持续感到什么？]]	MIGRATE	fillable-slot
templates/governance/project-manifest.md	293	1	观众最终会获得何种兑现？	[观众最终会获得何种兑现？]	[[观众最终会获得何种兑现？]]	MIGRATE	fillable-slot
templates/governance/project-manifest.md	296	1	它与同类项目最关键的不同是什么？	[它与同类项目最关键的不同是什么？]	[[它与同类项目最关键的不同是什么？]]	MIGRATE	fillable-slot
templates/governance/project-manifest.md	304	3	例如：不以“凶手是谁”作为长线钩子，若作品不准备给出公平解答	[例如：不以“凶手是谁”作为长线钩子，若作品不准备给出公平解答]	[[例如：不以“凶手是谁”作为长线钩子，若作品不准备给出公平解答]]	MIGRATE	fillable-slot
templates/governance/project-manifest.md	305	3	例如：不以真实医疗/法律准确性作为营销卖点，若未完成专业审阅	[例如：不以真实医疗/法律准确性作为营销卖点，若未完成专业审阅]	[[例如：不以真实医疗/法律准确性作为营销卖点，若未完成专业审阅]]	MIGRATE	fillable-slot
templates/governance/project-manifest.md	306	3	例如：不承诺高规模灾难全景，若制作条件只支持局部灾难表达	[例如：不承诺高规模灾难全景，若制作条件只支持局部灾难表达]	[[例如：不承诺高规模灾难全景，若制作条件只支持局部灾难表达]]	MIGRATE	fillable-slot
templates/governance/project-manifest.md	320	1	主角	[主角]	[[主角]]	MIGRATE	fillable-slot
templates/governance/project-manifest.md	320	9	外部行动	[外部行动]	[[外部行动]]	MIGRATE	fillable-slot
templates/governance/project-manifest.md	321	4	失败代价	[失败代价]	[[失败代价]]	MIGRATE	fillable-slot
templates/governance/project-manifest.md	322	3	主要阻碍/对手	[主要阻碍/对手]	[[主要阻碍/对手]]	MIGRATE	fillable-slot
templates/governance/project-manifest.md	323	7	核心内在代价或选择	[核心内在代价或选择]	[[核心内在代价或选择]]	MIGRATE	fillable-slot
templates/governance/project-manifest.md	329	1	项目必须在结局前回答的戏剧问题。	[项目必须在结局前回答的戏剧问题。]	[[项目必须在结局前回答的戏剧问题。]]	MIGRATE	fillable-slot
templates/governance/project-manifest.md	335	1	通过人物选择可被检验的价值命题。	[通过人物选择可被检验的价值命题。]	[[通过人物选择可被检验的价值命题。]]	MIGRATE	fillable-slot
templates/governance/project-manifest.md	341	1	对手、旧策略或世界系统所代表的反命题。	[对手、旧策略或世界系统所代表的反命题。]	[[对手、旧策略或世界系统所代表的反命题。]]	MIGRATE	fillable-slot
templates/governance/project-manifest.md	464	1	PROJECT vX.Y.Z	[PROJECT vX.Y.Z]	[[PROJECT vX.Y.Z]]	MIGRATE	fillable-slot
templates/governance/project-manifest.md	467	1	BIBLE vX.Y.Z	[BIBLE vX.Y.Z]	[[BIBLE vX.Y.Z]]	MIGRATE	fillable-slot
templates/governance/project-manifest.md	470	1	OUTLINE vX.Y.Z	[OUTLINE vX.Y.Z]	[[OUTLINE vX.Y.Z]]	MIGRATE	fillable-slot
templates/governance/project-manifest.md	473	1	SCRIPT vX.Y.Z	[SCRIPT vX.Y.Z]	[[SCRIPT vX.Y.Z]]	MIGRATE	fillable-slot
templates/governance/project-manifest.md	476	1	PROD vX.Y.Z	[PROD vX.Y.Z]	[[PROD vX.Y.Z]]	MIGRATE	fillable-slot
templates/governance/project-manifest.md	479	1	兼容 / 部分兼容 / 不兼容	[兼容 / 部分兼容 / 不兼容]	[[兼容 / 部分兼容 / 不兼容]]	MIGRATE	fillable-slot
templates/governance/project-manifest.md	482	1	说明原因、阻断范围、关联 NOTICE 与恢复计划。	[说明原因、阻断范围、关联 NOTICE 与恢复计划。]	[[说明原因、阻断范围、关联 NOTICE 与恢复计划。]]	MIGRATE	fillable-slot
templates/governance/project-manifest.md	657	3	 	[ ]	[ ]	PRESERVE	markdown-checkbox
templates/governance/project-manifest.md	658	3	 	[ ]	[ ]	PRESERVE	markdown-checkbox
templates/governance/project-manifest.md	659	3	 	[ ]	[ ]	PRESERVE	markdown-checkbox
templates/governance/project-manifest.md	660	3	 	[ ]	[ ]	PRESERVE	markdown-checkbox
templates/governance/project-manifest.md	661	3	 	[ ]	[ ]	PRESERVE	markdown-checkbox
templates/governance/project-manifest.md	662	3	 	[ ]	[ ]	PRESERVE	markdown-checkbox
templates/governance/project-manifest.md	663	3	 	[ ]	[ ]	PRESERVE	markdown-checkbox
templates/governance/project-manifest.md	664	3	 	[ ]	[ ]	PRESERVE	markdown-checkbox
templates/governance/project-manifest.md	688	1	填写阶段	[填写阶段]	[[填写阶段]]	MIGRATE	fillable-slot
templates/governance/project-manifest.md	691	1	填写	[填写]	[[填写]]	MIGRATE	fillable-slot
templates/governance/project-manifest.md	694	3	事项	[事项]	[[事项]]	MIGRATE	fillable-slot
templates/governance/project-manifest.md	695	3	事项	[事项]	[[事项]]	MIGRATE	fillable-slot
templates/governance/project-manifest.md	698	3	事项	[事项]	[[事项]]	MIGRATE	fillable-slot
templates/governance/project-manifest.md	699	3	事项	[事项]	[[事项]]	MIGRATE	fillable-slot
templates/governance/project-manifest.md	714	1	例如：Story Bible v1.0 锁定	[例如：Story Bible v1.0 锁定]	[[例如：Story Bible v1.0 锁定]]	MIGRATE	fillable-slot
templates/governance/project-manifest.md	717	3	 	[ ]	[ ]	PRESERVE	markdown-checkbox
templates/governance/project-manifest.md	718	3	 	[ ]	[ ]	PRESERVE	markdown-checkbox
templates/governance/project-manifest.md	719	3	 	[ ]	[ ]	PRESERVE	markdown-checkbox
templates/governance/project-manifest.md	720	3	 	[ ]	[ ]	PRESERVE	markdown-checkbox
templates/governance/project-manifest.md	721	3	 	[ ]	[ ]	PRESERVE	markdown-checkbox
templates/governance/project-manifest.md	722	3	 	[ ]	[ ]	PRESERVE	markdown-checkbox
templates/governance/project-manifest.md	723	3	 	[ ]	[ ]	PRESERVE	markdown-checkbox
templates/governance/project-manifest.md	726	3	填写本项目不可接受的条件	[填写本项目不可接受的条件]	[[填写本项目不可接受的条件]]	MIGRATE	fillable-slot
templates/governance/project-manifest.md	805	3	 	[ ]	[ ]	PRESERVE	markdown-checkbox
templates/governance/project-manifest.md	806	3	 	[ ]	[ ]	PRESERVE	markdown-checkbox
templates/governance/project-manifest.md	807	3	 	[ ]	[ ]	PRESERVE	markdown-checkbox
templates/governance/project-manifest.md	808	3	 	[ ]	[ ]	PRESERVE	markdown-checkbox
templates/governance/project-manifest.md	809	3	 	[ ]	[ ]	PRESERVE	markdown-checkbox
templates/governance/project-manifest.md	810	3	 	[ ]	[ ]	PRESERVE	markdown-checkbox
templates/governance/project-manifest.md	811	3	 	[ ]	[ ]	PRESERVE	markdown-checkbox
templates/governance/project-manifest.md	812	3	 	[ ]	[ ]	PRESERVE	markdown-checkbox
templates/governance/project-manifest.md	813	3	 	[ ]	[ ]	PRESERVE	markdown-checkbox
templates/governance/project-manifest.md	814	3	 	[ ]	[ ]	PRESERVE	markdown-checkbox
templates/governance/project-manifest.md	815	3	 	[ ]	[ ]	PRESERVE	markdown-checkbox
templates/governance/project-manifest.md	816	3	 	[ ]	[ ]	PRESERVE	markdown-checkbox
templates/governance/project-manifest.md	817	3	 	[ ]	[ ]	PRESERVE	markdown-checkbox
templates/governance/source-links.md	4	21	SLUG	[SLUG]	[[SLUG]]	MIGRATE	fillable-slot
templates/governance/source-links.md	5	27	SLUG	[SLUG]	[[SLUG]]	MIGRATE	fillable-slot
templates/governance/source-links.md	8	8	OWNER	[OWNER]	[[OWNER]]	MIGRATE	fillable-slot
templates/governance/source-links.md	27	16	项目缩写	[项目缩写]	[[项目缩写]]	MIGRATE	fillable-slot
templates/governance/source-links.md	27	24	版本	[版本]	[[版本]]	MIGRATE	fillable-slot
templates/governance/source-links.md	74	10	项目名称	[项目名称]	[[项目名称]]	MIGRATE	fillable-slot
templates/governance/source-links.md	75	11	PROJECT_ID	[PROJECT_ID]	[[PROJECT_ID]]	MIGRATE	fillable-slot
templates/governance/source-links.md	76	11	00	[00]	[[00]]	MIGRATE	fillable-slot
templates/governance/source-links.md	78	9	姓名 / 角色	[姓名 / 角色]	[[姓名 / 角色]]	MIGRATE	fillable-slot
templates/governance/source-links.md	79	10	YYYY-MM-DD	[YYYY-MM-DD]	[[YYYY-MM-DD]]	MIGRATE	fillable-slot
templates/governance/source-links.md	81	20	文件路径 / 版本	[文件路径 / 版本]	[[文件路径 / 版本]]	MIGRATE	fillable-slot
templates/governance/source-links.md	82	12	文件路径 / 版本	[文件路径 / 版本]	[[文件路径 / 版本]]	MIGRATE	fillable-slot
templates/governance/source-links.md	83	12	NOTICE 编号	[NOTICE 编号]	[[NOTICE 编号]]	MIGRATE	fillable-slot
templates/governance/source-links.md	84	12	文件路径 / 版本	[文件路径 / 版本]	[[文件路径 / 版本]]	MIGRATE	fillable-slot
templates/governance/source-links.md	85	16	指定时区	[指定时区]	[[指定时区]]	MIGRATE	fillable-slot
templates/governance/source-links.md	86	18	编号	[编号]	[[编号]]	MIGRATE	fillable-slot
templates/governance/source-links.md	152	22	日期	[日期]	[[日期]]	MIGRATE	fillable-slot
templates/governance/source-links.md	155	1	不超过必要长度的摘要，或页面章节标题/段落位置。	[不超过必要长度的摘要，或页面章节标题/段落位置。]	[[不超过必要长度的摘要，或页面章节标题/段落位置。]]	MIGRATE	fillable-slot
templates/governance/source-links.md	220	9	编号	[编号]	[[编号]]	MIGRATE	fillable-slot
templates/governance/source-links.md	220	14	简短主张	[简短主张]	[[简短主张]]	MIGRATE	fillable-slot
templates/governance/source-links.md	233	10	YYYY-MM-DD	[YYYY-MM-DD]	[[YYYY-MM-DD]]	MIGRATE	fillable-slot
templates/governance/source-links.md	234	10	YYYY-MM-DD / 事件触发	[YYYY-MM-DD / 事件触发]	[[YYYY-MM-DD / 事件触发]]	MIGRATE	fillable-slot
templates/governance/source-links.md	241	7	编号	[编号]	[[编号]]	MIGRATE	fillable-slot
templates/governance/source-links.md	247	1	该主张可以如何有限地进入 Story Bible、剧本、制作文件。	[该主张可以如何有限地进入 Story Bible、剧本、制作文件。]	[[该主张可以如何有限地进入 Story Bible、剧本、制作文件。]]	MIGRATE	fillable-slot
templates/governance/source-links.md	250	1	该主张不能支持的推论、具体操作、法律/医疗结论或现实指控。	[该主张不能支持的推论、具体操作、法律/医疗结论或现实指控。]	[[该主张不能支持的推论、具体操作、法律/医疗结论或现实指控。]]	MIGRATE	fillable-slot
templates/governance/source-links.md	253	1	填写。	[填写。]	[[填写。]]	MIGRATE	fillable-slot
templates/governance/source-links.md	284	9	编号	[编号]	[[编号]]	MIGRATE	fillable-slot
templates/governance/source-links.md	284	14	来源标题	[来源标题]	[[来源标题]]	MIGRATE	fillable-slot
templates/governance/source-links.md	296	10	YYYY-MM-DD / 不明	[YYYY-MM-DD / 不明]	[[YYYY-MM-DD / 不明]]	MIGRATE	fillable-slot
templates/governance/source-links.md	297	10	YYYY-MM-DD / 不明	[YYYY-MM-DD / 不明]	[[YYYY-MM-DD / 不明]]	MIGRATE	fillable-slot
templates/governance/source-links.md	298	13	YYYY-MM-DD HH:MM 时区	[YYYY-MM-DD HH:MM 时区]	[[YYYY-MM-DD HH:MM 时区]]	MIGRATE	fillable-slot
templates/governance/source-links.md	303	10	如适用	[如适用]	[[如适用]]	MIGRATE	fillable-slot
templates/governance/source-links.md	334	12	仅必要短语；如不适宜，留空	[仅必要短语；如不适宜，留空]	[[仅必要短语；如不适宜，留空]]	MIGRATE	fillable-slot
templates/governance/source-links.md	336	22	编号	[编号]	[[编号]]	MIGRATE	fillable-slot
templates/governance/source-links.md	364	27	编号	[编号]	[[编号]]	MIGRATE	fillable-slot
templates/governance/source-links.md	492	17	编号	[编号]	[[编号]]	MIGRATE	fillable-slot
templates/governance/source-links.md	533	37	编号	[编号]	[[编号]]	MIGRATE	fillable-slot
templates/governance/source-links.md	545	7	编号	[编号]	[[编号]]	MIGRATE	fillable-slot
templates/governance/source-links.md	566	3	 	[ ]	[ ]	PRESERVE	markdown-checkbox
templates/governance/source-links.md	567	3	 	[ ]	[ ]	PRESERVE	markdown-checkbox
templates/governance/source-links.md	568	3	 	[ ]	[ ]	PRESERVE	markdown-checkbox
templates/governance/source-links.md	569	3	 	[ ]	[ ]	PRESERVE	markdown-checkbox
templates/governance/source-links.md	570	3	 	[ ]	[ ]	PRESERVE	markdown-checkbox
templates/governance/source-links.md	571	3	 	[ ]	[ ]	PRESERVE	markdown-checkbox
templates/governance/source-links.md	577	7	编号	[编号]	[[编号]]	MIGRATE	fillable-slot
templates/governance/source-links.md	581	3	 	[ ]	[ ]	PRESERVE	markdown-checkbox
templates/governance/source-links.md	582	3	 	[ ]	[ ]	PRESERVE	markdown-checkbox
templates/governance/source-links.md	583	3	 	[ ]	[ ]	PRESERVE	markdown-checkbox
templates/governance/source-links.md	584	3	 	[ ]	[ ]	PRESERVE	markdown-checkbox
templates/governance/source-links.md	585	3	 	[ ]	[ ]	PRESERVE	markdown-checkbox
templates/governance/source-links.md	591	7	编号	[编号]	[[编号]]	MIGRATE	fillable-slot
templates/governance/source-links.md	595	3	 	[ ]	[ ]	PRESERVE	markdown-checkbox
templates/governance/source-links.md	596	3	 	[ ]	[ ]	PRESERVE	markdown-checkbox
templates/governance/source-links.md	597	3	 	[ ]	[ ]	PRESERVE	markdown-checkbox
templates/governance/source-links.md	598	3	 	[ ]	[ ]	PRESERVE	markdown-checkbox
templates/governance/source-links.md	599	3	 	[ ]	[ ]	PRESERVE	markdown-checkbox
templates/governance/source-links.md	609	7	编号	[编号]	[[编号]]	MIGRATE	fillable-slot
templates/governance/source-links.md	636	7	编号	[编号]	[[编号]]	MIGRATE	fillable-slot
templates/governance/source-links.md	730	3	 	[ ]	[ ]	PRESERVE	markdown-checkbox
templates/governance/source-links.md	731	3	 	[ ]	[ ]	PRESERVE	markdown-checkbox
templates/governance/source-links.md	732	3	 	[ ]	[ ]	PRESERVE	markdown-checkbox
templates/governance/source-links.md	733	3	 	[ ]	[ ]	PRESERVE	markdown-checkbox
templates/governance/source-links.md	734	3	 	[ ]	[ ]	PRESERVE	markdown-checkbox
templates/governance/source-links.md	735	3	 	[ ]	[ ]	PRESERVE	markdown-checkbox
templates/governance/source-links.md	736	3	 	[ ]	[ ]	PRESERVE	markdown-checkbox
templates/governance/source-links.md	737	3	 	[ ]	[ ]	PRESERVE	markdown-checkbox
templates/governance/source-links.md	738	3	 	[ ]	[ ]	PRESERVE	markdown-checkbox
templates/governance/source-links.md	739	3	 	[ ]	[ ]	PRESERVE	markdown-checkbox
templates/governance/source-links.md	740	3	 	[ ]	[ ]	PRESERVE	markdown-checkbox
templates/governance/source-links.md	741	3	 	[ ]	[ ]	PRESERVE	markdown-checkbox
templates/governance/source-links.md	742	3	 	[ ]	[ ]	PRESERVE	markdown-checkbox
templates/governance/source-links.md	743	3	 	[ ]	[ ]	PRESERVE	markdown-checkbox
templates/governance/source-links.md	744	3	 	[ ]	[ ]	PRESERVE	markdown-checkbox
templates/governance/upstream-notices.md	4	21	SLUG	[SLUG]	[[SLUG]]	MIGRATE	fillable-slot
templates/governance/upstream-notices.md	5	27	SLUG	[SLUG]	[[SLUG]]	MIGRATE	fillable-slot
templates/governance/upstream-notices.md	8	8	OWNER	[OWNER]	[[OWNER]]	MIGRATE	fillable-slot
templates/governance/upstream-notices.md	20	10	项目缩写	[项目缩写]	[[项目缩写]]	MIGRATE	fillable-slot
templates/governance/upstream-notices.md	20	17	通知编号	[通知编号]	[[通知编号]]	MIGRATE	fillable-slot
templates/governance/upstream-notices.md	20	24	简述	[简述]	[[简述]]	MIGRATE	fillable-slot
templates/governance/upstream-notices.md	34	12	PROJECT	[PROJECT]	[[PROJECT]]	MIGRATE	fillable-slot
templates/governance/upstream-notices.md	34	33	slug	[slug]	[[slug]]	MIGRATE	fillable-slot
templates/governance/upstream-notices.md	35	12	PROJECT	[PROJECT]	[[PROJECT]]	MIGRATE	fillable-slot
templates/governance/upstream-notices.md	35	33	slug	[slug]	[[slug]]	MIGRATE	fillable-slot
templates/governance/upstream-notices.md	135	10	项目名称	[项目名称]	[[项目名称]]	MIGRATE	fillable-slot
templates/governance/upstream-notices.md	136	11	PROJECT_ID	[PROJECT_ID]	[[PROJECT_ID]]	MIGRATE	fillable-slot
templates/governance/upstream-notices.md	137	17	000	[000]	[[000]]	MIGRATE	fillable-slot
templates/governance/upstream-notices.md	138	10	简明、可检索的变更名称	[简明、可检索的变更名称]	[[简明、可检索的变更名称]]	MIGRATE	fillable-slot
templates/governance/upstream-notices.md	143	9	姓名 / 角色	[姓名 / 角色]	[[姓名 / 角色]]	MIGRATE	fillable-slot
templates/governance/upstream-notices.md	144	9	姓名 / 角色	[姓名 / 角色]	[[姓名 / 角色]]	MIGRATE	fillable-slot
templates/governance/upstream-notices.md	145	10	YYYY-MM-DD	[YYYY-MM-DD]	[[YYYY-MM-DD]]	MIGRATE	fillable-slot
templates/governance/upstream-notices.md	146	12	YYYY-MM-DD	[YYYY-MM-DD]	[[YYYY-MM-DD]]	MIGRATE	fillable-slot
templates/governance/upstream-notices.md	148	12	编号	[编号]	[[编号]]	MIGRATE	fillable-slot
templates/governance/upstream-notices.md	149	15	编号	[编号]	[[编号]]	MIGRATE	fillable-slot
templates/governance/upstream-notices.md	150	19	编号	[编号]	[[编号]]	MIGRATE	fillable-slot
templates/governance/upstream-notices.md	151	23	版本 / 路径	[版本 / 路径]	[[版本 / 路径]]	MIGRATE	fillable-slot
templates/governance/upstream-notices.md	152	10	变更前项目版本	[变更前项目版本]	[[变更前项目版本]]	MIGRATE	fillable-slot
templates/governance/upstream-notices.md	153	10	变更后项目版本	[变更后项目版本]	[[变更后项目版本]]	MIGRATE	fillable-slot
templates/governance/upstream-notices.md	195	3	 	[ ]	[ ]	PRESERVE	markdown-checkbox
templates/governance/upstream-notices.md	196	3	 	[ ]	[ ]	PRESERVE	markdown-checkbox
templates/governance/upstream-notices.md	197	3	 	[ ]	[ ]	PRESERVE	markdown-checkbox
templates/governance/upstream-notices.md	198	3	 	[ ]	[ ]	PRESERVE	markdown-checkbox
templates/governance/upstream-notices.md	199	3	 	[ ]	[ ]	PRESERVE	markdown-checkbox
templates/governance/upstream-notices.md	200	3	 	[ ]	[ ]	PRESERVE	markdown-checkbox
templates/governance/upstream-notices.md	201	3	 	[ ]	[ ]	PRESERVE	markdown-checkbox
templates/governance/upstream-notices.md	202	3	 	[ ]	[ ]	PRESERVE	markdown-checkbox
templates/governance/upstream-notices.md	203	3	 	[ ]	[ ]	PRESERVE	markdown-checkbox
templates/governance/upstream-notices.md	204	3	 	[ ]	[ ]	PRESERVE	markdown-checkbox
templates/governance/upstream-notices.md	205	3	 	[ ]	[ ]	PRESERVE	markdown-checkbox
templates/governance/upstream-notices.md	206	3	 	[ ]	[ ]	PRESERVE	markdown-checkbox
templates/governance/upstream-notices.md	207	3	 	[ ]	[ ]	PRESERVE	markdown-checkbox
templates/governance/upstream-notices.md	286	8	000	[000]	[[000]]	MIGRATE	fillable-slot
templates/governance/upstream-notices.md	292	12	000	[000]	[[000]]	MIGRATE	fillable-slot
templates/governance/upstream-notices.md	329	3	 	[ ]	[ ]	PRESERVE	markdown-checkbox
templates/governance/upstream-notices.md	330	3	 	[ ]	[ ]	PRESERVE	markdown-checkbox
templates/governance/upstream-notices.md	331	3	 	[ ]	[ ]	PRESERVE	markdown-checkbox
templates/governance/upstream-notices.md	332	3	 	[ ]	[ ]	PRESERVE	markdown-checkbox
templates/governance/upstream-notices.md	351	3	 	[ ]	[ ]	PRESERVE	markdown-checkbox
templates/governance/upstream-notices.md	352	3	 	[ ]	[ ]	PRESERVE	markdown-checkbox
templates/governance/upstream-notices.md	353	3	 	[ ]	[ ]	PRESERVE	markdown-checkbox
templates/governance/upstream-notices.md	354	3	 	[ ]	[ ]	PRESERVE	markdown-checkbox
templates/governance/upstream-notices.md	355	3	 	[ ]	[ ]	PRESERVE	markdown-checkbox
templates/governance/upstream-notices.md	375	3	 	[ ]	[ ]	PRESERVE	markdown-checkbox
templates/governance/upstream-notices.md	376	3	 	[ ]	[ ]	PRESERVE	markdown-checkbox
templates/governance/upstream-notices.md	377	3	 	[ ]	[ ]	PRESERVE	markdown-checkbox
templates/governance/upstream-notices.md	378	3	 	[ ]	[ ]	PRESERVE	markdown-checkbox
templates/governance/upstream-notices.md	379	3	 	[ ]	[ ]	PRESERVE	markdown-checkbox
templates/governance/upstream-notices.md	380	3	 	[ ]	[ ]	PRESERVE	markdown-checkbox
templates/governance/upstream-notices.md	381	3	 	[ ]	[ ]	PRESERVE	markdown-checkbox
templates/governance/upstream-notices.md	382	3	 	[ ]	[ ]	PRESERVE	markdown-checkbox
templates/governance/upstream-notices.md	401	3	 	[ ]	[ ]	PRESERVE	markdown-checkbox
templates/governance/upstream-notices.md	402	3	 	[ ]	[ ]	PRESERVE	markdown-checkbox
templates/governance/upstream-notices.md	403	3	 	[ ]	[ ]	PRESERVE	markdown-checkbox
templates/governance/upstream-notices.md	404	3	 	[ ]	[ ]	PRESERVE	markdown-checkbox
templates/governance/upstream-notices.md	405	3	 	[ ]	[ ]	PRESERVE	markdown-checkbox
templates/governance/upstream-notices.md	406	3	 	[ ]	[ ]	PRESERVE	markdown-checkbox
templates/governance/upstream-notices.md	407	3	 	[ ]	[ ]	PRESERVE	markdown-checkbox
templates/governance/upstream-notices.md	408	3	 	[ ]	[ ]	PRESERVE	markdown-checkbox
templates/governance/upstream-notices.md	441	3	 	[ ]	[ ]	PRESERVE	markdown-checkbox
templates/governance/upstream-notices.md	442	3	 	[ ]	[ ]	PRESERVE	markdown-checkbox
templates/governance/upstream-notices.md	443	3	 	[ ]	[ ]	PRESERVE	markdown-checkbox
templates/governance/upstream-notices.md	444	3	 	[ ]	[ ]	PRESERVE	markdown-checkbox
templates/governance/upstream-notices.md	445	3	 	[ ]	[ ]	PRESERVE	markdown-checkbox
templates/governance/upstream-notices.md	446	3	 	[ ]	[ ]	PRESERVE	markdown-checkbox
templates/governance/upstream-notices.md	447	3	 	[ ]	[ ]	PRESERVE	markdown-checkbox
templates/governance/upstream-notices.md	448	3	 	[ ]	[ ]	PRESERVE	markdown-checkbox
templates/governance/upstream-notices.md	449	3	 	[ ]	[ ]	PRESERVE	markdown-checkbox
templates/governance/upstream-notices.md	450	3	 	[ ]	[ ]	PRESERVE	markdown-checkbox
templates/governance/upstream-notices.md	451	3	 	[ ]	[ ]	PRESERVE	markdown-checkbox
templates/governance/upstream-notices.md	461	1	上游事实 FACT-ID	[上游事实 FACT-ID]	[[上游事实 FACT-ID]]	MIGRATE	fillable-slot
templates/governance/upstream-notices.md	463	1	Story Bible 模块	[Story Bible 模块]	[[Story Bible 模块]]	MIGRATE	fillable-slot
templates/governance/upstream-notices.md	465	1	大纲 / 分集 / 场景卡	[大纲 / 分集 / 场景卡]	[[大纲 / 分集 / 场景卡]]	MIGRATE	fillable-slot
templates/governance/upstream-notices.md	467	1	剧本	[剧本]	[[剧本]]	MIGRATE	fillable-slot
templates/governance/upstream-notices.md	469	1	分镜 / 镜头 / 资产 / 配音 / 字幕 / 后期	[分镜 / 镜头 / 资产 / 配音 / 字幕 / 后期]	[[分镜 / 镜头 / 资产 / 配音 / 字幕 / 后期]]	MIGRATE	fillable-slot
templates/governance/upstream-notices.md	471	1	拍摄、生成、剪辑、发布	[拍摄、生成、剪辑、发布]	[[拍摄、生成、剪辑、发布]]	MIGRATE	fillable-slot
templates/governance/upstream-notices.md	515	8	000	[000]	[[000]]	MIGRATE	fillable-slot
templates/governance/upstream-notices.md	572	8	000	[000]	[[000]]	MIGRATE	fillable-slot
templates/governance/upstream-notices.md	576	3	 	[ ]	[ ]	PRESERVE	markdown-checkbox
templates/governance/upstream-notices.md	577	3	 	[ ]	[ ]	PRESERVE	markdown-checkbox
templates/governance/upstream-notices.md	578	3	 	[ ]	[ ]	PRESERVE	markdown-checkbox
templates/governance/upstream-notices.md	579	3	 	[ ]	[ ]	PRESERVE	markdown-checkbox
templates/governance/upstream-notices.md	580	3	 	[ ]	[ ]	PRESERVE	markdown-checkbox
templates/governance/upstream-notices.md	581	3	 	[ ]	[ ]	PRESERVE	markdown-checkbox
templates/governance/upstream-notices.md	582	3	 	[ ]	[ ]	PRESERVE	markdown-checkbox
templates/governance/upstream-notices.md	588	5	000	[000]	[[000]]	MIGRATE	fillable-slot
templates/governance/upstream-notices.md	602	3	 	[ ]	[ ]	PRESERVE	markdown-checkbox
templates/governance/upstream-notices.md	603	3	 	[ ]	[ ]	PRESERVE	markdown-checkbox
templates/governance/upstream-notices.md	604	3	 	[ ]	[ ]	PRESERVE	markdown-checkbox
templates/governance/upstream-notices.md	605	3	 	[ ]	[ ]	PRESERVE	markdown-checkbox
templates/governance/upstream-notices.md	606	3	 	[ ]	[ ]	PRESERVE	markdown-checkbox
templates/governance/upstream-notices.md	607	3	 	[ ]	[ ]	PRESERVE	markdown-checkbox
templates/governance/upstream-notices.md	613	5	000	[000]	[[000]]	MIGRATE	fillable-slot
templates/governance/upstream-notices.md	617	3	 	[ ]	[ ]	PRESERVE	markdown-checkbox
templates/governance/upstream-notices.md	618	3	 	[ ]	[ ]	PRESERVE	markdown-checkbox
templates/governance/upstream-notices.md	619	3	 	[ ]	[ ]	PRESERVE	markdown-checkbox
templates/governance/upstream-notices.md	620	3	 	[ ]	[ ]	PRESERVE	markdown-checkbox
templates/governance/upstream-notices.md	621	3	 	[ ]	[ ]	PRESERVE	markdown-checkbox
templates/governance/upstream-notices.md	622	3	 	[ ]	[ ]	PRESERVE	markdown-checkbox
templates/governance/upstream-notices.md	628	8	000	[000]	[[000]]	MIGRATE	fillable-slot
templates/governance/upstream-notices.md	632	3	 	[ ]	[ ]	PRESERVE	markdown-checkbox
templates/governance/upstream-notices.md	633	3	 	[ ]	[ ]	PRESERVE	markdown-checkbox
templates/governance/upstream-notices.md	634	3	 	[ ]	[ ]	PRESERVE	markdown-checkbox
templates/governance/upstream-notices.md	635	3	 	[ ]	[ ]	PRESERVE	markdown-checkbox
templates/governance/upstream-notices.md	636	3	 	[ ]	[ ]	PRESERVE	markdown-checkbox
templates/governance/upstream-notices.md	642	5	000	[000]	[[000]]	MIGRATE	fillable-slot
templates/governance/upstream-notices.md	646	3	 	[ ]	[ ]	PRESERVE	markdown-checkbox
templates/governance/upstream-notices.md	647	3	 	[ ]	[ ]	PRESERVE	markdown-checkbox
templates/governance/upstream-notices.md	648	3	 	[ ]	[ ]	PRESERVE	markdown-checkbox
templates/governance/upstream-notices.md	649	3	 	[ ]	[ ]	PRESERVE	markdown-checkbox
templates/governance/upstream-notices.md	650	3	 	[ ]	[ ]	PRESERVE	markdown-checkbox
templates/governance/upstream-notices.md	660	9	000	[000]	[[000]]	MIGRATE	fillable-slot
templates/governance/upstream-notices.md	666	8	000	[000]	[[000]]	MIGRATE	fillable-slot
templates/governance/upstream-notices.md	672	9	000	[000]	[[000]]	MIGRATE	fillable-slot
templates/governance/upstream-notices.md	793	5	000	[000]	[[000]]	MIGRATE	fillable-slot
templates/governance/upstream-notices.md	817	6	000	[000]	[[000]]	MIGRATE	fillable-slot
templates/governance/upstream-notices.md	850	3	 	[ ]	[ ]	PRESERVE	markdown-checkbox
templates/governance/upstream-notices.md	851	3	 	[ ]	[ ]	PRESERVE	markdown-checkbox
templates/governance/upstream-notices.md	852	3	 	[ ]	[ ]	PRESERVE	markdown-checkbox
templates/governance/upstream-notices.md	853	3	 	[ ]	[ ]	PRESERVE	markdown-checkbox
templates/governance/upstream-notices.md	854	3	 	[ ]	[ ]	PRESERVE	markdown-checkbox
templates/governance/upstream-notices.md	855	3	 	[ ]	[ ]	PRESERVE	markdown-checkbox
templates/governance/upstream-notices.md	856	3	 	[ ]	[ ]	PRESERVE	markdown-checkbox
templates/governance/upstream-notices.md	857	3	 	[ ]	[ ]	PRESERVE	markdown-checkbox
templates/governance/upstream-notices.md	858	3	 	[ ]	[ ]	PRESERVE	markdown-checkbox
templates/governance/upstream-notices.md	859	3	 	[ ]	[ ]	PRESERVE	markdown-checkbox
templates/governance/upstream-notices.md	860	3	 	[ ]	[ ]	PRESERVE	markdown-checkbox
templates/governance/upstream-notices.md	861	3	 	[ ]	[ ]	PRESERVE	markdown-checkbox
templates/governance/upstream-notices.md	862	3	 	[ ]	[ ]	PRESERVE	markdown-checkbox
templates/governance/upstream-notices.md	863	3	 	[ ]	[ ]	PRESERVE	markdown-checkbox
templates/notice.md	2	21	NNN	[NNN]	[[NNN]]	MIGRATE	fillable-slot
templates/notice.md	4	21	SLUG	[SLUG]	[[SLUG]]	MIGRATE	fillable-slot
templates/notice.md	5	27	SLUG	[SLUG]	[[SLUG]]	MIGRATE	fillable-slot
templates/notice.md	8	8	OWNER	[OWNER]	[[OWNER]]	MIGRATE	fillable-slot
templates/notice.md	9	15	BIBLE-v1.0.0	[BIBLE-v1.0.0]	[BIBLE-v1.0.0]	PRESERVE	frontmatter-list-syntax
templates/notice.md	21	9	ID	[ID]	[[ID]]	MIGRATE	fillable-slot
templates/notice.md	27	8	NNN	[NNN]	[[NNN]]	MIGRATE	fillable-slot
templates/notice.md	33	6	ID	[ID]	[[ID]]	MIGRATE	fillable-slot
templates/notice.md	37	13	NNN	[NNN]	[[NNN]]	MIGRATE	fillable-slot
templates/production-handoff.md	2	18	PROJECT_ID	[PROJECT_ID]	[[PROJECT_ID]]	MIGRATE	fillable-slot
templates/production-handoff.md	2	31	NNN	[NNN]	[[NNN]]	MIGRATE	fillable-slot
templates/production-handoff.md	4	21	SLUG	[SLUG]	[[SLUG]]	MIGRATE	fillable-slot
templates/production-handoff.md	8	8	ROLE	[ROLE]	[[ROLE]]	MIGRATE	fillable-slot
templates/production-handoff.md	9	15	SCRIPT-v1.0.0, BIBLE-v1.0.0, REVIEW-001	[SCRIPT-v1.0.0, BIBLE-v1.0.0, REVIEW-001]	[SCRIPT-v1.0.0, BIBLE-v1.0.0, REVIEW-001]	PRESERVE	frontmatter-list-syntax
templates/production-handoff.md	19	20	PROJECT_ID	[PROJECT_ID]	[[PROJECT_ID]]	MIGRATE	fillable-slot
templates/production-handoff.md	19	33	NNN	[NNN]	[[NNN]]	MIGRATE	fillable-slot
templates/production-handoff.md	34	9	ID	[ID]	[[ID]]	MIGRATE	fillable-slot
templates/production-handoff.md	34	39	ID	[ID]	[[ID]]	MIGRATE	fillable-slot
templates/production-handoff.md	40	6	ID	[ID]	[[ID]]	MIGRATE	fillable-slot
templates/production-handoff.md	40	21	ID	[ID]	[[ID]]	MIGRATE	fillable-slot
templates/production-handoff.md	46	9	ID	[ID]	[[ID]]	MIGRATE	fillable-slot
templates/production-handoff.md	46	43	ID	[ID]	[[ID]]	MIGRATE	fillable-slot
templates/production-handoff.md	52	8	ID	[ID]	[[ID]]	MIGRATE	fillable-slot
templates/production-handoff.md	58	8	ID	[ID]	[[ID]]	MIGRATE	fillable-slot
templates/production-handoff.md	62	3	 	[ ]	[ ]	PRESERVE	markdown-checkbox
templates/production-handoff.md	63	3	 	[ ]	[ ]	PRESERVE	markdown-checkbox
templates/production-handoff.md	64	3	 	[ ]	[ ]	PRESERVE	markdown-checkbox
templates/production-handoff.md	65	3	 	[ ]	[ ]	PRESERVE	markdown-checkbox
templates/production-handoff.md	66	3	 	[ ]	[ ]	PRESERVE	markdown-checkbox
templates/production-handoff.md	67	3	 	[ ]	[ ]	PRESERVE	markdown-checkbox
templates/production-handoff.md	68	3	 	[ ]	[ ]	PRESERVE	markdown-checkbox
templates/review-report.md	2	21	NNN	[NNN]	[[NNN]]	MIGRATE	fillable-slot
templates/review-report.md	4	21	SLUG	[SLUG]	[[SLUG]]	MIGRATE	fillable-slot
templates/review-report.md	5	27	SLUG	[SLUG]	[[SLUG]]	MIGRATE	fillable-slot
templates/review-report.md	8	8	OWNER	[OWNER]	[[OWNER]]	MIGRATE	fillable-slot
templates/review-report.md	9	22	VERSION	[VERSION]	[[VERSION]]	MIGRATE	fillable-slot
templates/review-report.md	17	10	项目缩写	[项目缩写]	[[项目缩写]]	MIGRATE	fillable-slot
templates/review-report.md	17	17	材料类型	[材料类型]	[[材料类型]]	MIGRATE	fillable-slot
templates/review-report.md	17	25	版本	[版本]	[[版本]]	MIGRATE	fillable-slot
templates/review-report.md	17	30	日期	[日期]	[[日期]]	MIGRATE	fillable-slot
templates/review-report.md	66	10	项目名	[项目名]	[[项目名]]	MIGRATE	fillable-slot
templates/review-report.md	67	11	PROJECT_ID	[PROJECT_ID]	[[PROJECT_ID]]	MIGRATE	fillable-slot
templates/review-report.md	69	10	文件路径 / 版本	[文件路径 / 版本]	[[文件路径 / 版本]]	MIGRATE	fillable-slot
templates/review-report.md	70	10	页数 / 字数 / 集数 / 时长	[页数 / 字数 / 集数 / 时长]	[[页数 / 字数 / 集数 / 时长]]	MIGRATE	fillable-slot
templates/review-report.md	71	18	00	[00]	[[00]]	MIGRATE	fillable-slot
templates/review-report.md	72	10	YYYY-MM-DD	[YYYY-MM-DD]	[[YYYY-MM-DD]]	MIGRATE	fillable-slot
templates/review-report.md	73	9	姓名 / 角色	[姓名 / 角色]	[[姓名 / 角色]]	MIGRATE	fillable-slot
templates/review-report.md	77	10	填写	[填写]	[[填写]]	MIGRATE	fillable-slot
templates/review-report.md	78	10	填写	[填写]	[[填写]]	MIGRATE	fillable-slot
templates/review-report.md	81	20	路径 / 版本	[路径 / 版本]	[[路径 / 版本]]	MIGRATE	fillable-slot
templates/review-report.md	82	10	路径 / 版本	[路径 / 版本]	[[路径 / 版本]]	MIGRATE	fillable-slot
templates/review-report.md	83	10	路径 / 版本	[路径 / 版本]	[[路径 / 版本]]	MIGRATE	fillable-slot
templates/review-report.md	84	11	路径 / 版本	[路径 / 版本]	[[路径 / 版本]]	MIGRATE	fillable-slot
templates/review-report.md	115	1	本材料目前最强的可保留价值	[本材料目前最强的可保留价值]	[[本材料目前最强的可保留价值]]	MIGRATE	fillable-slot
templates/review-report.md	116	4	最关键 P0/P1 问题	[最关键 P0/P1 问题]	[[最关键 P0/P1 问题]]	MIGRATE	fillable-slot
templates/review-report.md	117	10	达到本轮开发、制作或提交目标	[达到本轮开发、制作或提交目标]	[[达到本轮开发、制作或提交目标]]	MIGRATE	fillable-slot
templates/review-report.md	122	3	 	[ ]	[ ]	PRESERVE	markdown-checkbox
templates/review-report.md	123	3	 	[ ]	[ ]	PRESERVE	markdown-checkbox
templates/review-report.md	124	3	 	[ ]	[ ]	PRESERVE	markdown-checkbox
templates/review-report.md	125	3	 	[ ]	[ ]	PRESERVE	markdown-checkbox
templates/review-report.md	126	3	 	[ ]	[ ]	PRESERVE	markdown-checkbox
templates/review-report.md	142	11	最具价值的前提、关系、角色、场景或机制	[最具价值的前提、关系、角色、场景或机制]	[[最具价值的前提、关系、角色、场景或机制]]	MIGRATE	fillable-slot
templates/review-report.md	143	11	最大阻断问题及其位置	[最大阻断问题及其位置]	[[最大阻断问题及其位置]]	MIGRATE	fillable-slot
templates/review-report.md	144	13	最小有效改动与预期结果	[最小有效改动与预期结果]	[[最小有效改动与预期结果]]	MIGRATE	fillable-slot
templates/review-report.md	222	1	位置：EP03 / SC-12 / 第 18 页 / 00:01:24	[位置：EP03 / SC-12 / 第 18 页 / 00:01:24]	[[位置：EP03 / SC-12 / 第 18 页 / 00:01:24]]	MIGRATE	fillable-slot
templates/review-report.md	225	1	材料中发生了什么。	[材料中发生了什么。]	[[材料中发生了什么。]]	MIGRATE	fillable-slot
templates/review-report.md	228	1	为什么这意味着结构、人物、连续性或制作问题。	[为什么这意味着结构、人物、连续性或制作问题。]	[[为什么这意味着结构、人物、连续性或制作问题。]]	MIGRATE	fillable-slot
templates/review-report.md	231	1	它阻断了什么。	[它阻断了什么。]	[[它阻断了什么。]]	MIGRATE	fillable-slot
templates/review-report.md	234	1	需要改变什么，而不是泛泛“加强”。	[需要改变什么，而不是泛泛“加强”。]	[[需要改变什么，而不是泛泛“加强”。]]	MIGRATE	fillable-slot
templates/review-report.md	237	1	改后如何确认问题解决。	[改后如何确认问题解决。]	[[改后如何确认问题解决。]]	MIGRATE	fillable-slot
templates/review-report.md	351	3	 	[ ]	[ ]	PRESERVE	markdown-checkbox
templates/review-report.md	352	3	 	[ ]	[ ]	PRESERVE	markdown-checkbox
templates/review-report.md	353	3	 	[ ]	[ ]	PRESERVE	markdown-checkbox
templates/review-report.md	354	3	 	[ ]	[ ]	PRESERVE	markdown-checkbox
templates/review-report.md	355	3	 	[ ]	[ ]	PRESERVE	markdown-checkbox
templates/review-report.md	356	3	 	[ ]	[ ]	PRESERVE	markdown-checkbox
templates/review-report.md	357	3	 	[ ]	[ ]	PRESERVE	markdown-checkbox
templates/review-report.md	358	3	 	[ ]	[ ]	PRESERVE	markdown-checkbox
templates/review-report.md	402	3	 	[ ]	[ ]	PRESERVE	markdown-checkbox
templates/review-report.md	403	3	 	[ ]	[ ]	PRESERVE	markdown-checkbox
templates/review-report.md	404	3	 	[ ]	[ ]	PRESERVE	markdown-checkbox
templates/review-report.md	405	3	 	[ ]	[ ]	PRESERVE	markdown-checkbox
templates/review-report.md	406	3	 	[ ]	[ ]	PRESERVE	markdown-checkbox
templates/review-report.md	407	3	 	[ ]	[ ]	PRESERVE	markdown-checkbox
templates/review-report.md	408	3	 	[ ]	[ ]	PRESERVE	markdown-checkbox
templates/review-report.md	409	3	 	[ ]	[ ]	PRESERVE	markdown-checkbox
templates/review-report.md	435	3	 	[ ]	[ ]	PRESERVE	markdown-checkbox
templates/review-report.md	436	3	 	[ ]	[ ]	PRESERVE	markdown-checkbox
templates/review-report.md	437	3	 	[ ]	[ ]	PRESERVE	markdown-checkbox
templates/review-report.md	438	3	 	[ ]	[ ]	PRESERVE	markdown-checkbox
templates/review-report.md	439	3	 	[ ]	[ ]	PRESERVE	markdown-checkbox
templates/review-report.md	440	3	 	[ ]	[ ]	PRESERVE	markdown-checkbox
templates/review-report.md	441	3	 	[ ]	[ ]	PRESERVE	markdown-checkbox
templates/review-report.md	442	3	 	[ ]	[ ]	PRESERVE	markdown-checkbox
templates/review-report.md	443	3	 	[ ]	[ ]	PRESERVE	markdown-checkbox
templates/review-report.md	475	3	 	[ ]	[ ]	PRESERVE	markdown-checkbox
templates/review-report.md	476	3	 	[ ]	[ ]	PRESERVE	markdown-checkbox
templates/review-report.md	477	3	 	[ ]	[ ]	PRESERVE	markdown-checkbox
templates/review-report.md	478	3	 	[ ]	[ ]	PRESERVE	markdown-checkbox
templates/review-report.md	479	3	 	[ ]	[ ]	PRESERVE	markdown-checkbox
templates/review-report.md	480	3	 	[ ]	[ ]	PRESERVE	markdown-checkbox
templates/review-report.md	481	3	 	[ ]	[ ]	PRESERVE	markdown-checkbox
templates/review-report.md	482	3	 	[ ]	[ ]	PRESERVE	markdown-checkbox
templates/review-report.md	483	3	 	[ ]	[ ]	PRESERVE	markdown-checkbox
templates/review-report.md	555	3	 	[ ]	[ ]	PRESERVE	markdown-checkbox
templates/review-report.md	556	3	 	[ ]	[ ]	PRESERVE	markdown-checkbox
templates/review-report.md	557	3	 	[ ]	[ ]	PRESERVE	markdown-checkbox
templates/review-report.md	558	3	 	[ ]	[ ]	PRESERVE	markdown-checkbox
templates/review-report.md	559	3	 	[ ]	[ ]	PRESERVE	markdown-checkbox
templates/review-report.md	560	3	 	[ ]	[ ]	PRESERVE	markdown-checkbox
templates/review-report.md	561	3	 	[ ]	[ ]	PRESERVE	markdown-checkbox
templates/review-report.md	562	3	 	[ ]	[ ]	PRESERVE	markdown-checkbox
templates/review-report.md	563	3	 	[ ]	[ ]	PRESERVE	markdown-checkbox
templates/review-report.md	749	1	先修复哪项因果、目标、人物或结构问题	[先修复哪项因果、目标、人物或结构问题]	[[先修复哪项因果、目标、人物或结构问题]]	MIGRATE	fillable-slot
templates/review-report.md	752	1	需要随之更新的角色、关系、信息、时间线和场景	[需要随之更新的角色、关系、信息、时间线和场景]	[[需要随之更新的角色、关系、信息、时间线和场景]]	MIGRATE	fillable-slot
templates/review-report.md	755	1	删除、合并、重排哪些场景/分集	[删除、合并、重排哪些场景/分集]	[[删除、合并、重排哪些场景/分集]]	MIGRATE	fillable-slot
templates/review-report.md	758	1	仅在结构成立后进行的对白、视觉、格式和制作优化	[仅在结构成立后进行的对白、视觉、格式和制作优化]	[[仅在结构成立后进行的对白、视觉、格式和制作优化]]	MIGRATE	fillable-slot
templates/review-report.md	792	3	 	[ ]	[ ]	PRESERVE	markdown-checkbox
templates/review-report.md	793	3	 	[ ]	[ ]	PRESERVE	markdown-checkbox
templates/review-report.md	794	3	 	[ ]	[ ]	PRESERVE	markdown-checkbox
templates/review-report.md	795	3	 	[ ]	[ ]	PRESERVE	markdown-checkbox
templates/review-report.md	796	3	 	[ ]	[ ]	PRESERVE	markdown-checkbox
templates/review-report.md	797	3	 	[ ]	[ ]	PRESERVE	markdown-checkbox
templates/review-report.md	798	3	 	[ ]	[ ]	PRESERVE	markdown-checkbox
templates/review-report.md	799	3	 	[ ]	[ ]	PRESERVE	markdown-checkbox
templates/review-report.md	814	1	用 2–5 句说明：最强价值、最关键风险、是否值得推进，以及进入下一阶段的条件。	[用 2–5 句说明：最强价值、最关键风险、是否值得推进，以及进入下一阶段的条件。]	[[用 2–5 句说明：最强价值、最关键风险、是否值得推进，以及进入下一阶段的条件。]]	MIGRATE	fillable-slot
templates/review-report.md	819	3	 	[ ]	[ ]	PRESERVE	markdown-checkbox
templates/review-report.md	820	3	 	[ ]	[ ]	PRESERVE	markdown-checkbox
templates/review-report.md	821	3	 	[ ]	[ ]	PRESERVE	markdown-checkbox
templates/review-report.md	822	3	 	[ ]	[ ]	PRESERVE	markdown-checkbox
templates/review-report.md	823	3	 	[ ]	[ ]	PRESERVE	markdown-checkbox
templates/review-report.md	824	3	 	[ ]	[ ]	PRESERVE	markdown-checkbox
templates/review-report.md	825	3	 	[ ]	[ ]	PRESERVE	markdown-checkbox
templates/review-report.md	826	3	 	[ ]	[ ]	PRESERVE	markdown-checkbox
templates/review-report.md	827	3	 	[ ]	[ ]	PRESERVE	markdown-checkbox
templates/review-report.md	828	3	 	[ ]	[ ]	PRESERVE	markdown-checkbox
templates/review-report.md	829	3	 	[ ]	[ ]	PRESERVE	markdown-checkbox
templates/review-report.md	830	3	 	[ ]	[ ]	PRESERVE	markdown-checkbox
templates/review-report.md	831	3	 	[ ]	[ ]	PRESERVE	markdown-checkbox
templates/scene-card.md	2	17	NNN	[NNN]	[[NNN]]	MIGRATE	fillable-slot
templates/scene-card.md	4	21	SLUG	[SLUG]	[[SLUG]]	MIGRATE	fillable-slot
templates/scene-card.md	5	27	SLUG	[SLUG]	[[SLUG]]	MIGRATE	fillable-slot
templates/scene-card.md	8	8	OWNER	[OWNER]	[[OWNER]]	MIGRATE	fillable-slot
templates/scene-card.md	9	22	VERSION	[VERSION]	[[VERSION]]	MIGRATE	fillable-slot
templates/scene-card.md	20	6	场景 ID	[场景 ID]	[[场景 ID]]	MIGRATE	fillable-slot
templates/scene-card.md	20	14	地点缩写	[地点缩写]	[[地点缩写]]	MIGRATE	fillable-slot
templates/scene-card.md	20	22	版本	[版本]	[[版本]]	MIGRATE	fillable-slot
templates/scene-card.md	68	10	项目名	[项目名]	[[项目名]]	MIGRATE	fillable-slot
templates/scene-card.md	69	11	PROJECT_ID	[PROJECT_ID]	[[PROJECT_ID]]	MIGRATE	fillable-slot
templates/scene-card.md	70	24	NNN	[NNN]	[[NNN]]	MIGRATE	fillable-slot
templates/scene-card.md	70	43	集数	[集数]	[[集数]]	MIGRATE	fillable-slot
templates/scene-card.md	71	13	编号	[编号]	[[编号]]	MIGRATE	fillable-slot
templates/scene-card.md	72	11	00	[00]	[[00]]	MIGRATE	fillable-slot
templates/scene-card.md	74	8	姓名	[姓名]	[[姓名]]	MIGRATE	fillable-slot
templates/scene-card.md	75	10	YYYY-MM-DD	[YYYY-MM-DD]	[[YYYY-MM-DD]]	MIGRATE	fillable-slot
templates/scene-card.md	76	10	文件路径 / 版本	[文件路径 / 版本]	[[文件路径 / 版本]]	MIGRATE	fillable-slot
templates/scene-card.md	77	10	文件路径 / 版本	[文件路径 / 版本]	[[文件路径 / 版本]]	MIGRATE	fillable-slot
templates/scene-card.md	78	20	文件路径 / 版本	[文件路径 / 版本]	[[文件路径 / 版本]]	MIGRATE	fillable-slot
templates/scene-card.md	79	10	第 X 天；日/夜；具体时间	[第 X 天；日/夜；具体时间]	[[第 X 天；日/夜；具体时间]]	MIGRATE	fillable-slot
templates/scene-card.md	80	10	预计秒数/分钟	[预计秒数/分钟]	[[预计秒数/分钟]]	MIGRATE	fillable-slot
templates/scene-card.md	83	12	角色	[角色]	[[角色]]	MIGRATE	fillable-slot
templates/scene-card.md	90	13	人物、关系、信息、道具、风险	[人物、关系、信息、道具、风险]	[[人物、关系、信息、道具、风险]]	MIGRATE	fillable-slot
templates/scene-card.md	91	12	必须与前场一致	[必须与前场一致]	[[必须与前场一致]]	MIGRATE	fillable-slot
templates/scene-card.md	92	12	本场必须创造的变化	[本场必须创造的变化]	[[本场必须创造的变化]]	MIGRATE	fillable-slot
templates/scene-card.md	93	13	后果、问题、道具、伤病、情绪	[后果、问题、道具、伤病、情绪]	[[后果、问题、道具、伤病、情绪]]	MIGRATE	fillable-slot
templates/scene-card.md	94	15	前场钩子/之前伏笔	[前场钩子/之前伏笔]	[[前场钩子/之前伏笔]]	MIGRATE	fillable-slot
templates/scene-card.md	95	14	下一场或未来回收	[下一场或未来回收]	[[下一场或未来回收]]	MIGRATE	fillable-slot
templates/scene-card.md	113	3	 	[ ]	[ ]	PRESERVE	markdown-checkbox
templates/scene-card.md	114	3	 	[ ]	[ ]	PRESERVE	markdown-checkbox
templates/scene-card.md	115	3	 	[ ]	[ ]	PRESERVE	markdown-checkbox
templates/scene-card.md	116	3	 	[ ]	[ ]	PRESERVE	markdown-checkbox
templates/scene-card.md	117	3	 	[ ]	[ ]	PRESERVE	markdown-checkbox
templates/scene-card.md	118	3	 	[ ]	[ ]	PRESERVE	markdown-checkbox
templates/scene-card.md	119	3	 	[ ]	[ ]	PRESERVE	markdown-checkbox
templates/scene-card.md	120	3	 	[ ]	[ ]	PRESERVE	markdown-checkbox
templates/scene-card.md	121	3	 	[ ]	[ ]	PRESERVE	markdown-checkbox
templates/scene-card.md	122	3	 	[ ]	[ ]	PRESERVE	markdown-checkbox
templates/scene-card.md	123	3	 	[ ]	[ ]	PRESERVE	markdown-checkbox
templates/scene-card.md	124	3	 	[ ]	[ ]	PRESERVE	markdown-checkbox
templates/scene-card.md	140	3	 	[ ]	[ ]	PRESERVE	markdown-checkbox
templates/scene-card.md	141	3	 	[ ]	[ ]	PRESERVE	markdown-checkbox
templates/scene-card.md	141	16	编号	[编号]	[[编号]]	MIGRATE	fillable-slot
templates/scene-card.md	142	3	 	[ ]	[ ]	PRESERVE	markdown-checkbox
templates/scene-card.md	142	14	关键冲突/转折	[关键冲突/转折]	[[关键冲突/转折]]	MIGRATE	fillable-slot
templates/scene-card.md	143	3	 	[ ]	[ ]	PRESERVE	markdown-checkbox
templates/scene-card.md	144	3	 	[ ]	[ ]	PRESERVE	markdown-checkbox
templates/scene-card.md	162	15	地点	[地点]	[[地点]]	MIGRATE	fillable-slot
templates/scene-card.md	162	22	日/夜	[日/夜]	[[日/夜]]	MIGRATE	fillable-slot
templates/scene-card.md	163	15	编号	[编号]	[[编号]]	MIGRATE	fillable-slot
templates/scene-card.md	165	21	具体时长	[具体时长]	[[具体时长]]	MIGRATE	fillable-slot
templates/scene-card.md	219	9	人物 / 制度 / 时间 / 空间 / 自身限制	[人物 / 制度 / 时间 / 空间 / 自身限制]	[[人物 / 制度 / 时间 / 空间 / 自身限制]]	MIGRATE	fillable-slot
templates/scene-card.md	310	3	 	[ ]	[ ]	PRESERVE	markdown-checkbox
templates/scene-card.md	311	3	 	[ ]	[ ]	PRESERVE	markdown-checkbox
templates/scene-card.md	312	3	 	[ ]	[ ]	PRESERVE	markdown-checkbox
templates/scene-card.md	313	3	 	[ ]	[ ]	PRESERVE	markdown-checkbox
templates/scene-card.md	314	3	 	[ ]	[ ]	PRESERVE	markdown-checkbox
templates/scene-card.md	315	3	 	[ ]	[ ]	PRESERVE	markdown-checkbox
templates/scene-card.md	325	3	POV	[POV]	[[POV]]	MIGRATE	fillable-slot
templates/scene-card.md	326	3	对抗方	[对抗方]	[[对抗方]]	MIGRATE	fillable-slot
templates/scene-card.md	327	3	第三方	[第三方]	[[第三方]]	MIGRATE	fillable-slot
templates/scene-card.md	333	1	谁掌握资源、信息、空间、合法性或情感主动权？	[谁掌握资源、信息、空间、合法性或情感主动权？]	[[谁掌握资源、信息、空间、合法性或情感主动权？]]	MIGRATE	fillable-slot
templates/scene-card.md	336	1	谁开始失去控制？	[谁开始失去控制？]	[[谁开始失去控制？]]	MIGRATE	fillable-slot
templates/scene-card.md	339	1	权力转移给谁？为什么？	[权力转移给谁？为什么？]	[[权力转移给谁？为什么？]]	MIGRATE	fillable-slot
templates/scene-card.md	346	3	人物 A / B	[人物 A / B]	[[人物 A / B]]	MIGRATE	fillable-slot
templates/scene-card.md	366	5	编号	[编号]	[[编号]]	MIGRATE	fillable-slot
templates/scene-card.md	391	3	 	[ ]	[ ]	PRESERVE	markdown-checkbox
templates/scene-card.md	392	3	 	[ ]	[ ]	PRESERVE	markdown-checkbox
templates/scene-card.md	393	3	 	[ ]	[ ]	PRESERVE	markdown-checkbox
templates/scene-card.md	394	3	 	[ ]	[ ]	PRESERVE	markdown-checkbox
templates/scene-card.md	395	3	 	[ ]	[ ]	PRESERVE	markdown-checkbox
templates/scene-card.md	396	3	 	[ ]	[ ]	PRESERVE	markdown-checkbox
templates/scene-card.md	436	3	 	[ ]	[ ]	PRESERVE	markdown-checkbox
templates/scene-card.md	437	3	 	[ ]	[ ]	PRESERVE	markdown-checkbox
templates/scene-card.md	438	3	 	[ ]	[ ]	PRESERVE	markdown-checkbox
templates/scene-card.md	439	3	 	[ ]	[ ]	PRESERVE	markdown-checkbox
templates/scene-card.md	440	3	 	[ ]	[ ]	PRESERVE	markdown-checkbox
templates/scene-card.md	441	3	 	[ ]	[ ]	PRESERVE	markdown-checkbox
templates/scene-card.md	442	3	 	[ ]	[ ]	PRESERVE	markdown-checkbox
templates/scene-card.md	443	3	 	[ ]	[ ]	PRESERVE	markdown-checkbox
templates/scene-card.md	444	3	 	[ ]	[ ]	PRESERVE	markdown-checkbox
templates/scene-card.md	445	3	 	[ ]	[ ]	PRESERVE	markdown-checkbox
templates/scene-card.md	748	3	 	[ ]	[ ]	PRESERVE	markdown-checkbox
templates/scene-card.md	749	3	 	[ ]	[ ]	PRESERVE	markdown-checkbox
templates/scene-card.md	750	3	 	[ ]	[ ]	PRESERVE	markdown-checkbox
templates/scene-card.md	751	3	 	[ ]	[ ]	PRESERVE	markdown-checkbox
templates/scene-card.md	752	3	 	[ ]	[ ]	PRESERVE	markdown-checkbox
templates/scene-card.md	753	3	 	[ ]	[ ]	PRESERVE	markdown-checkbox
templates/scene-card.md	754	3	 	[ ]	[ ]	PRESERVE	markdown-checkbox
templates/scene-card.md	755	3	 	[ ]	[ ]	PRESERVE	markdown-checkbox
templates/scene-card.md	756	3	 	[ ]	[ ]	PRESERVE	markdown-checkbox
templates/scene-card.md	757	3	 	[ ]	[ ]	PRESERVE	markdown-checkbox
templates/scene-card.md	758	3	 	[ ]	[ ]	PRESERVE	markdown-checkbox
templates/scene-card.md	759	3	 	[ ]	[ ]	PRESERVE	markdown-checkbox
templates/scene-card.md	760	3	 	[ ]	[ ]	PRESERVE	markdown-checkbox
templates/scene-card.md	761	3	 	[ ]	[ ]	PRESERVE	markdown-checkbox
templates/scene-card.md	768	6	编号	[编号]	[[编号]]	MIGRATE	fillable-slot
templates/story-bible.md	2	20	PROJECT_ID	[PROJECT_ID]	[[PROJECT_ID]]	MIGRATE	fillable-slot
templates/story-bible.md	4	21	SLUG	[SLUG]	[[SLUG]]	MIGRATE	fillable-slot
templates/story-bible.md	5	27	SLUG	[SLUG]	[[SLUG]]	MIGRATE	fillable-slot
templates/story-bible.md	8	8	OWNER	[OWNER]	[[OWNER]]	MIGRATE	fillable-slot
templates/story-bible.md	12	3	项目名称	[项目名称]	[[项目名称]]	MIGRATE	fillable-slot
templates/story-bible.md	53	10	项目名称	[项目名称]	[[项目名称]]	MIGRATE	fillable-slot
templates/story-bible.md	54	10	PROJECT_ID	[PROJECT_ID]	[[PROJECT_ID]]	MIGRATE	fillable-slot
templates/story-bible.md	59	9	姓名	[姓名]	[[姓名]]	MIGRATE	fillable-slot
templates/story-bible.md	60	10	YYYY-MM-DD	[YYYY-MM-DD]	[[YYYY-MM-DD]]	MIGRATE	fillable-slot
templates/story-bible.md	63	10	市场	[市场]	[[市场]]	MIGRATE	fillable-slot
templates/story-bible.md	64	12	文件路径	[文件路径]	[[文件路径]]	MIGRATE	fillable-slot
templates/story-bible.md	65	12	文件路径	[文件路径]	[[文件路径]]	MIGRATE	fillable-slot
templates/story-bible.md	66	13	文件路径	[文件路径]	[[文件路径]]	MIGRATE	fillable-slot
templates/story-bible.md	67	15	文件路径	[文件路径]	[[文件路径]]	MIGRATE	fillable-slot
templates/story-bible.md	99	1	填写 Logline	[填写 Logline]	[[填写 Logline]]	MIGRATE	fillable-slot
templates/story-bible.md	105	1	观众持续追问的最重要问题。	[观众持续追问的最重要问题。]	[[观众持续追问的最重要问题。]]	MIGRATE	fillable-slot
templates/story-bible.md	112	8	这个故事为什么值得存在	[这个故事为什么值得存在]	[[这个故事为什么值得存在]]	MIGRATE	fillable-slot
templates/story-bible.md	113	8	观众为何关心主角	[观众为何关心主角]	[[观众为何关心主角]]	MIGRATE	fillable-slot
templates/story-bible.md	114	8	稳定提供何种体验	[稳定提供何种体验]	[[稳定提供何种体验]]	MIGRATE	fillable-slot
templates/story-bible.md	115	8	紧张、爽感、恐惧、温暖、悲剧等	[紧张、爽感、恐惧、温暖、悲剧等]	[[紧张、爽感、恐惧、温暖、悲剧等]]	MIGRATE	fillable-slot
templates/story-bible.md	116	8	故事会以选择检验什么	[故事会以选择检验什么]	[[故事会以选择检验什么]]	MIGRATE	fillable-slot
templates/story-bible.md	117	8	最终必须回应什么承诺	[最终必须回应什么承诺]	[[最终必须回应什么承诺]]	MIGRATE	fillable-slot
templates/story-bible.md	118	8	世界/人物的可识别视觉价值	[世界/人物的可识别视觉价值]	[[世界/人物的可识别视觉价值]]	MIGRATE	fillable-slot
templates/story-bible.md	125	14	填写	[填写]	[[填写]]	MIGRATE	fillable-slot
templates/story-bible.md	126	10	填写	[填写]	[[填写]]	MIGRATE	fillable-slot
templates/story-bible.md	128	12	填写	[填写]	[[填写]]	MIGRATE	fillable-slot
templates/story-bible.md	130	10	填写	[填写]	[[填写]]	MIGRATE	fillable-slot
templates/story-bible.md	204	8	姓名 / ID	[姓名 / ID]	[[姓名 / ID]]	MIGRATE	fillable-slot
templates/story-bible.md	205	10	可执行、可验证	[可执行、可验证]	[[可执行、可验证]]	MIGRATE	fillable-slot
templates/story-bible.md	206	10	必须学会的选择/能力	[必须学会的选择/能力]	[[必须学会的选择/能力]]	MIGRATE	fillable-slot
templates/story-bible.md	207	10	主角认为正确但会导致失败的东西	[主角认为正确但会导致失败的东西]	[[主角认为正确但会导致失败的东西]]	MIGRATE	fillable-slot
templates/story-bible.md	208	10	主角惯用且会失效的解决方式	[主角惯用且会失效的解决方式]	[[主角惯用且会失效的解决方式]]	MIGRATE	fillable-slot
templates/story-bible.md	209	10	失去什么/成为谁	[失去什么/成为谁]	[[失去什么/成为谁]]	MIGRATE	fillable-slot
templates/story-bible.md	210	10	人脉、能力、身份、道具、知识	[人脉、能力、身份、道具、知识]	[[人脉、能力、身份、道具、知识]]	MIGRATE	fillable-slot
templates/story-bible.md	211	10	时间、制度、伤病、关系、罪责、资金	[时间、制度、伤病、关系、罪责、资金]	[[时间、制度、伤病、关系、罪责、资金]]	MIGRATE	fillable-slot
templates/story-bible.md	212	10	具体且可见	[具体且可见]	[[具体且可见]]	MIGRATE	fillable-slot
templates/story-bible.md	213	15	不同于初始策略的决定	[不同于初始策略的决定]	[[不同于初始策略的决定]]	MIGRATE	fillable-slot
templates/story-bible.md	219	12	人物 / 组织 / 制度 / 自然 / 时间 / 内在创伤	[人物 / 组织 / 制度 / 自然 / 时间 / 内在创伤]	[[人物 / 组织 / 制度 / 自然 / 时间 / 内在创伤]]	MIGRATE	fillable-slot
templates/story-bible.md	220	11	明确目标	[明确目标]	[[明确目标]]	MIGRATE	fillable-slot
templates/story-bible.md	221	11	资源、权力、规则、信息	[资源、权力、规则、信息]	[[资源、权力、规则、信息]]	MIGRATE	fillable-slot
templates/story-bible.md	222	13	利益、信念、制度逻辑	[利益、信念、制度逻辑]	[[利益、信念、制度逻辑]]	MIGRATE	fillable-slot
templates/story-bible.md	223	11	会学习、升级、交换、威胁或夺取什么	[会学习、升级、交换、威胁或夺取什么]	[[会学习、升级、交换、威胁或夺取什么]]	MIGRATE	fillable-slot
templates/story-bible.md	224	10	不能做什么；代价是什么	[不能做什么；代价是什么]	[[不能做什么；代价是什么]]	MIGRATE	fillable-slot
templates/story-bible.md	225	10	主角可利用但不能凭空获胜的部分	[主角可利用但不能凭空获胜的部分]	[[主角可利用但不能凭空获胜的部分]]	MIGRATE	fillable-slot
templates/story-bible.md	226	12	代表/反驳何种价值	[代表/反驳何种价值]	[[代表/反驳何种价值]]	MIGRATE	fillable-slot
templates/story-bible.md	287	3	 	[ ]	[ ]	PRESERVE	markdown-checkbox
templates/story-bible.md	288	3	 	[ ]	[ ]	PRESERVE	markdown-checkbox
templates/story-bible.md	289	3	 	[ ]	[ ]	PRESERVE	markdown-checkbox
templates/story-bible.md	290	3	 	[ ]	[ ]	PRESERVE	markdown-checkbox
templates/story-bible.md	291	3	 	[ ]	[ ]	PRESERVE	markdown-checkbox
templates/story-bible.md	302	8	年份、时代、季节	[年份、时代、季节]	[[年份、时代、季节]]	MIGRATE	fillable-slot
templates/story-bible.md	303	8	城市、区域、室内世界	[城市、区域、室内世界]	[[城市、区域、室内世界]]	MIGRATE	fillable-slot
templates/story-bible.md	304	10	权力、阶层、经济、家庭、组织	[权力、阶层、经济、家庭、组织]	[[权力、阶层、经济、家庭、组织]]	MIGRATE	fillable-slot
templates/story-bible.md	305	10	现实、近未来、特殊技术	[现实、近未来、特殊技术]	[[现实、近未来、特殊技术]]	MIGRATE	fillable-slot
templates/story-bible.md	306	10	材质、色温、地标、声音	[材质、色温、地标、声音]	[[材质、色温、地标、声音]]	MIGRATE	fillable-slot
templates/story-bible.md	307	10	故事开始时的正常规则	[故事开始时的正常规则]	[[故事开始时的正常规则]]	MIGRATE	fillable-slot
templates/story-bible.md	308	10	打破日常秩序的机制	[打破日常秩序的机制]	[[打破日常秩序的机制]]	MIGRATE	fillable-slot
templates/story-bible.md	318	7	编号	[编号]	[[编号]]	MIGRATE	fillable-slot
templates/story-bible.md	359	9	编号	[编号]	[[编号]]	MIGRATE	fillable-slot
templates/story-bible.md	359	14	姓名	[姓名]	[[姓名]]	MIGRATE	fillable-slot
templates/story-bible.md	618	9	编号	[编号]	[[编号]]	MIGRATE	fillable-slot
templates/story-bible.md	618	14	地点名称	[地点名称]	[[地点名称]]	MIGRATE	fillable-slot
templates/story-bible.md	690	10	00	[00]	[[00]]	MIGRATE	fillable-slot
templates/story-bible.md	691	8	填写	[填写]	[[填写]]	MIGRATE	fillable-slot
templates/story-bible.md	729	7	编号	[编号]	[[编号]]	MIGRATE	fillable-slot
templates/story-bible.md	729	12	集名	[集名]	[[集名]]	MIGRATE	fillable-slot
templates/story-bible.md	770	5	 	[ ]	[ ]	PRESERVE	markdown-checkbox
templates/story-bible.md	940	3	 	[ ]	[ ]	PRESERVE	markdown-checkbox
templates/story-bible.md	941	3	 	[ ]	[ ]	PRESERVE	markdown-checkbox
templates/story-bible.md	942	3	 	[ ]	[ ]	PRESERVE	markdown-checkbox
templates/story-bible.md	943	3	 	[ ]	[ ]	PRESERVE	markdown-checkbox
templates/story-bible.md	944	3	 	[ ]	[ ]	PRESERVE	markdown-checkbox
templates/story-bible.md	945	3	 	[ ]	[ ]	PRESERVE	markdown-checkbox
templates/story-bible.md	946	3	 	[ ]	[ ]	PRESERVE	markdown-checkbox
templates/story-bible.md	947	3	 	[ ]	[ ]	PRESERVE	markdown-checkbox
templates/story-bible.md	948	3	 	[ ]	[ ]	PRESERVE	markdown-checkbox
templates/story-bible.md	949	3	 	[ ]	[ ]	PRESERVE	markdown-checkbox
templates/story-bible.md	950	3	 	[ ]	[ ]	PRESERVE	markdown-checkbox
templates/story-bible.md	951	3	 	[ ]	[ ]	PRESERVE	markdown-checkbox
templates/story-bible.md	952	3	 	[ ]	[ ]	PRESERVE	markdown-checkbox
templates/story-bible.md	953	3	 	[ ]	[ ]	PRESERVE	markdown-checkbox
templates/story-bible.md	954	3	 	[ ]	[ ]	PRESERVE	markdown-checkbox
templates/story-bible.md	955	3	 	[ ]	[ ]	PRESERVE	markdown-checkbox
templates/vertical-episode.md	2	17	NNN	[NNN]	[[NNN]]	MIGRATE	fillable-slot
templates/vertical-episode.md	4	21	SLUG	[SLUG]	[[SLUG]]	MIGRATE	fillable-slot
templates/vertical-episode.md	5	27	SLUG	[SLUG]	[[SLUG]]	MIGRATE	fillable-slot
templates/vertical-episode.md	8	8	OWNER	[OWNER]	[[OWNER]]	MIGRATE	fillable-slot
templates/vertical-episode.md	9	22	VERSION	[VERSION]	[[VERSION]]	MIGRATE	fillable-slot
templates/vertical-episode.md	17	5	集数	[集数]	[[集数]]	MIGRATE	fillable-slot
templates/vertical-episode.md	17	10	集名缩写	[集名缩写]	[[集名缩写]]	MIGRATE	fillable-slot
templates/vertical-episode.md	17	18	版本	[版本]	[[版本]]	MIGRATE	fillable-slot
templates/vertical-episode.md	26	50	NNN	[NNN]	[[NNN]]	MIGRATE	fillable-slot
templates/vertical-episode.md	27	6	集数	[集数]	[[集数]]	MIGRATE	fillable-slot
templates/vertical-episode.md	68	10	项目名	[项目名]	[[项目名]]	MIGRATE	fillable-slot
templates/vertical-episode.md	69	11	项目缩写	[项目缩写]	[[项目缩写]]	MIGRATE	fillable-slot
templates/vertical-episode.md	70	10	00	[00]	[[00]]	MIGRATE	fillable-slot
templates/vertical-episode.md	71	8	可选；短、可识别	[可选；短、可识别]	[[可选；短、可识别]]	MIGRATE	fillable-slot
templates/vertical-episode.md	72	11	00	[00]	[[00]]	MIGRATE	fillable-slot
templates/vertical-episode.md	74	8	姓名	[姓名]	[[姓名]]	MIGRATE	fillable-slot
templates/vertical-episode.md	75	10	YYYY-MM-DD	[YYYY-MM-DD]	[[YYYY-MM-DD]]	MIGRATE	fillable-slot
templates/vertical-episode.md	76	20	路径 / 版本	[路径 / 版本]	[[路径 / 版本]]	MIGRATE	fillable-slot
templates/vertical-episode.md	77	12	路径 / 版本	[路径 / 版本]	[[路径 / 版本]]	MIGRATE	fillable-slot
templates/vertical-episode.md	78	10	路径 / 版本	[路径 / 版本]	[[路径 / 版本]]	MIGRATE	fillable-slot
templates/vertical-episode.md	79	10	秒 / 分钟	[秒 / 分钟]	[[秒 / 分钟]]	MIGRATE	fillable-slot
templates/vertical-episode.md	80	8	平台名称	[平台名称]	[[平台名称]]	MIGRATE	fillable-slot
templates/vertical-episode.md	83	10	第几天；日/夜；与前集间隔	[第几天；日/夜；与前集间隔]	[[第几天；日/夜；与前集间隔]]	MIGRATE	fillable-slot
templates/vertical-episode.md	85	11	角色	[角色]	[[角色]]	MIGRATE	fillable-slot
templates/vertical-episode.md	87	10	哪些事实不可改	[哪些事实不可改]	[[哪些事实不可改]]	MIGRATE	fillable-slot
templates/vertical-episode.md	163	1	观众在本集最应关心的问题。	[观众在本集最应关心的问题。]	[[观众在本集最应关心的问题。]]	MIGRATE	fillable-slot
templates/vertical-episode.md	176	1	人物、关系、资源或风险的初始状态。	[人物、关系、资源或风险的初始状态。]	[[人物、关系、资源或风险的初始状态。]]	MIGRATE	fillable-slot
templates/vertical-episode.md	179	1	不可逆或明确不同的新状态。	[不可逆或明确不同的新状态。]	[[不可逆或明确不同的新状态。]]	MIGRATE	fillable-slot
templates/vertical-episode.md	199	3	钩子	[钩子]	[[钩子]]	MIGRATE	fillable-slot
templates/vertical-episode.md	199	10	可见动作/确认	[可见动作/确认]	[[可见动作/确认]]	MIGRATE	fillable-slot
templates/vertical-episode.md	199	22	新信息、后果或行动	[新信息、后果或行动]	[[新信息、后果或行动]]	MIGRATE	fillable-slot
templates/vertical-episode.md	199	36	道具、服装、人物、时间	[道具、服装、人物、时间]	[[道具、服装、人物、时间]]	MIGRATE	fillable-slot
templates/vertical-episode.md	205	3	 	[ ]	[ ]	PRESERVE	markdown-checkbox
templates/vertical-episode.md	206	3	 	[ ]	[ ]	PRESERVE	markdown-checkbox
templates/vertical-episode.md	207	3	 	[ ]	[ ]	PRESERVE	markdown-checkbox
templates/vertical-episode.md	208	3	 	[ ]	[ ]	PRESERVE	markdown-checkbox
templates/vertical-episode.md	209	3	 	[ ]	[ ]	PRESERVE	markdown-checkbox
templates/vertical-episode.md	210	3	 	[ ]	[ ]	PRESERVE	markdown-checkbox
templates/vertical-episode.md	211	3	 	[ ]	[ ]	PRESERVE	markdown-checkbox
templates/vertical-episode.md	226	3	状态	[状态]	[[状态]]	MIGRATE	fillable-slot
templates/vertical-episode.md	226	10	明确问题	[明确问题]	[[明确问题]]	MIGRATE	fillable-slot
templates/vertical-episode.md	226	19	前 5–20 秒	[前 5–20 秒]	[[前 5–20 秒]]	MIGRATE	fillable-slot
templates/vertical-episode.md	226	32	1–3 集 / 本段落终点	[1–3 集 / 本段落终点]	[[1–3 集 / 本段落终点]]	MIGRATE	fillable-slot
templates/vertical-episode.md	264	11	谁/什么必须最显眼	[谁/什么必须最显眼]	[[谁/什么必须最显眼]]	MIGRATE	fillable-slot
templates/vertical-episode.md	266	10	谁在前景、谁在背景、谁压迫谁	[谁在前景、谁在背景、谁压迫谁]	[[谁在前景、谁在背景、谁压迫谁]]	MIGRATE	fillable-slot
templates/vertical-episode.md	267	10	最多 1–3 个	[最多 1–3 个]	[[最多 1–3 个]]	MIGRATE	fillable-slot
templates/vertical-episode.md	268	10	一个主要动作	[一个主要动作]	[[一个主要动作]]	MIGRATE	fillable-slot
templates/vertical-episode.md	269	10	日/夜；主光逻辑	[日/夜；主光逻辑]	[[日/夜；主光逻辑]]	MIGRATE	fillable-slot
templates/vertical-episode.md	271	10	无额外人物、无复杂群像、无乱码 UI 等	[无额外人物、无复杂群像、无乱码 UI 等]	[[无额外人物、无复杂群像、无乱码 UI 等]]	MIGRATE	fillable-slot
templates/vertical-episode.md	549	3	主角	[主角]	[[主角]]	MIGRATE	fillable-slot
templates/vertical-episode.md	550	3	对手	[对手]	[[对手]]	MIGRATE	fillable-slot
templates/vertical-episode.md	551	3	关系人物	[关系人物]	[[关系人物]]	MIGRATE	fillable-slot
templates/vertical-episode.md	678	5	 	[ ]	[ ]	PRESERVE	markdown-checkbox
templates/vertical-episode.md	682	3	 	[ ]	[ ]	PRESERVE	markdown-checkbox
templates/vertical-episode.md	683	3	 	[ ]	[ ]	PRESERVE	markdown-checkbox
templates/vertical-episode.md	684	3	 	[ ]	[ ]	PRESERVE	markdown-checkbox
templates/vertical-episode.md	685	3	 	[ ]	[ ]	PRESERVE	markdown-checkbox
templates/vertical-episode.md	686	3	 	[ ]	[ ]	PRESERVE	markdown-checkbox
templates/vertical-episode.md	687	3	 	[ ]	[ ]	PRESERVE	markdown-checkbox
templates/vertical-episode.md	688	3	 	[ ]	[ ]	PRESERVE	markdown-checkbox
templates/vertical-episode.md	825	3	 	[ ]	[ ]	PRESERVE	markdown-checkbox
templates/vertical-episode.md	826	3	 	[ ]	[ ]	PRESERVE	markdown-checkbox
templates/vertical-episode.md	827	3	 	[ ]	[ ]	PRESERVE	markdown-checkbox
templates/vertical-episode.md	828	3	 	[ ]	[ ]	PRESERVE	markdown-checkbox
templates/vertical-episode.md	829	3	 	[ ]	[ ]	PRESERVE	markdown-checkbox
templates/vertical-episode.md	830	3	 	[ ]	[ ]	PRESERVE	markdown-checkbox
templates/vertical-episode.md	831	3	 	[ ]	[ ]	PRESERVE	markdown-checkbox
templates/vertical-episode.md	832	3	 	[ ]	[ ]	PRESERVE	markdown-checkbox
templates/vertical-episode.md	833	3	 	[ ]	[ ]	PRESERVE	markdown-checkbox
templates/vertical-episode.md	834	3	 	[ ]	[ ]	PRESERVE	markdown-checkbox
templates/vertical-episode.md	835	3	 	[ ]	[ ]	PRESERVE	markdown-checkbox
templates/vertical-episode.md	836	3	 	[ ]	[ ]	PRESERVE	markdown-checkbox
templates/vertical-episode.md	837	3	 	[ ]	[ ]	PRESERVE	markdown-checkbox
templates/vertical-episode.md	838	3	 	[ ]	[ ]	PRESERVE	markdown-checkbox
templates/vertical-episode.md	839	3	 	[ ]	[ ]	PRESERVE	markdown-checkbox
templates/vertical-episode.md	840	3	 	[ ]	[ ]	PRESERVE	markdown-checkbox
tests/README.md	176	28	ext	[ext]	[[ext]]	MIGRATE	fillable-slot
tests/README.md	177	22	ext	[ext]	[[ext]]	MIGRATE	fillable-slot
tests/README.md	178	24	ext	[ext]	[[ext]]	MIGRATE	fillable-slot
tests/README.md	179	28	ext	[ext]	[[ext]]	MIGRATE	fillable-slot
tests/README.md	182	18	RUN-ID	[RUN-ID]	[[RUN-ID]]	MIGRATE	fillable-slot
tests/README.md	358	3	 	[ ]	[ ]	PRESERVE	markdown-checkbox
tests/README.md	359	3	 	[ ]	[ ]	PRESERVE	markdown-checkbox
tests/README.md	360	3	 	[ ]	[ ]	PRESERVE	markdown-checkbox
tests/README.md	361	3	 	[ ]	[ ]	PRESERVE	markdown-checkbox
tests/README.md	362	3	 	[ ]	[ ]	PRESERVE	markdown-checkbox
tests/README.md	363	3	 	[ ]	[ ]	PRESERVE	markdown-checkbox
tests/README.md	364	3	 	[ ]	[ ]	PRESERVE	markdown-checkbox
tests/README.md	365	3	 	[ ]	[ ]	PRESERVE	markdown-checkbox
tests/README.md	366	3	 	[ ]	[ ]	PRESERVE	markdown-checkbox
tests/README.md	367	3	 	[ ]	[ ]	PRESERVE	markdown-checkbox
tests/README.md	372	15	RUN-ID	[RUN-ID]	[[RUN-ID]]	MIGRATE	fillable-slot
tests/README.md	377	14	RUN-ID	[RUN-ID]	[[RUN-ID]]	MIGRATE	fillable-slot
tests/README.md	667	3	 	[ ]	[ ]	PRESERVE	markdown-checkbox
tests/README.md	668	3	 	[ ]	[ ]	PRESERVE	markdown-checkbox
tests/README.md	669	3	 	[ ]	[ ]	PRESERVE	markdown-checkbox
tests/README.md	670	3	 	[ ]	[ ]	PRESERVE	markdown-checkbox
tests/README.md	671	3	 	[ ]	[ ]	PRESERVE	markdown-checkbox
tests/README.md	672	3	 	[ ]	[ ]	PRESERVE	markdown-checkbox
tests/README.md	673	3	 	[ ]	[ ]	PRESERVE	markdown-checkbox
tests/README.md	674	3	 	[ ]	[ ]	PRESERVE	markdown-checkbox
tests/README.md	675	3	 	[ ]	[ ]	PRESERVE	markdown-checkbox
tests/README.md	676	3	 	[ ]	[ ]	PRESERVE	markdown-checkbox
tests/README.md	824	3	 	[ ]	[ ]	PRESERVE	markdown-checkbox
tests/README.md	825	3	 	[ ]	[ ]	PRESERVE	markdown-checkbox
tests/README.md	826	3	 	[ ]	[ ]	PRESERVE	markdown-checkbox
tests/README.md	827	3	 	[ ]	[ ]	PRESERVE	markdown-checkbox
tests/README.md	828	3	 	[ ]	[ ]	PRESERVE	markdown-checkbox
tests/README.md	829	3	 	[ ]	[ ]	PRESERVE	markdown-checkbox
tests/README.md	830	3	 	[ ]	[ ]	PRESERVE	markdown-checkbox
tests/README.md	831	3	 	[ ]	[ ]	PRESERVE	markdown-checkbox
tests/README.md	832	3	 	[ ]	[ ]	PRESERVE	markdown-checkbox
tests/README.md	923	3	 	[ ]	[ ]	PRESERVE	markdown-checkbox
tests/README.md	924	3	 	[ ]	[ ]	PRESERVE	markdown-checkbox
tests/README.md	925	3	 	[ ]	[ ]	PRESERVE	markdown-checkbox
tests/README.md	926	3	 	[ ]	[ ]	PRESERVE	markdown-checkbox
tests/README.md	927	3	 	[ ]	[ ]	PRESERVE	markdown-checkbox
tests/README.md	928	3	 	[ ]	[ ]	PRESERVE	markdown-checkbox
tests/README.md	929	3	 	[ ]	[ ]	PRESERVE	markdown-checkbox
tests/README.md	930	3	 	[ ]	[ ]	PRESERVE	markdown-checkbox
tests/README.md	931	3	 	[ ]	[ ]	PRESERVE	markdown-checkbox
tests/README.md	932	3	 	[ ]	[ ]	PRESERVE	markdown-checkbox
tests/README.md	958	13	RUN-ID	[RUN-ID]	[[RUN-ID]]	MIGRATE	fillable-slot
tests/README.md	962	8	YYYY-MM-DD	[YYYY-MM-DD]	[[YYYY-MM-DD]]	MIGRATE	fillable-slot
tests/expected-deliverables.md	151	3	 	[ ]	[ ]	PRESERVE	markdown-checkbox
tests/expected-deliverables.md	152	3	 	[ ]	[ ]	PRESERVE	markdown-checkbox
tests/expected-deliverables.md	153	3	 	[ ]	[ ]	PRESERVE	markdown-checkbox
tests/expected-deliverables.md	154	3	 	[ ]	[ ]	PRESERVE	markdown-checkbox
tests/expected-deliverables.md	155	3	 	[ ]	[ ]	PRESERVE	markdown-checkbox
tests/expected-deliverables.md	156	3	 	[ ]	[ ]	PRESERVE	markdown-checkbox
tests/expected-deliverables.md	157	3	 	[ ]	[ ]	PRESERVE	markdown-checkbox
tests/expected-deliverables.md	158	3	 	[ ]	[ ]	PRESERVE	markdown-checkbox
tests/expected-deliverables.md	159	3	 	[ ]	[ ]	PRESERVE	markdown-checkbox
tests/expected-deliverables.md	160	3	 	[ ]	[ ]	PRESERVE	markdown-checkbox
tests/expected-deliverables.md	161	3	 	[ ]	[ ]	PRESERVE	markdown-checkbox
tests/expected-deliverables.md	162	3	 	[ ]	[ ]	PRESERVE	markdown-checkbox
tests/expected-deliverables.md	163	3	 	[ ]	[ ]	PRESERVE	markdown-checkbox
tests/expected-deliverables.md	164	3	 	[ ]	[ ]	PRESERVE	markdown-checkbox
tests/expected-deliverables.md	188	8	角色	[角色]	[[角色]]	MIGRATE	fillable-slot
tests/expected-deliverables.md	188	16	YYYY-MM-DD	[YYYY-MM-DD]	[[YYYY-MM-DD]]	MIGRATE	fillable-slot
tests/expected-deliverables.md	190	20	X	[X]	[X]	PRESERVE	markdown-checkbox
tests/expected-deliverables.md	191	18	Y	[Y]	[[Y]]	MIGRATE	fillable-slot
tests/expected-deliverables.md	192	9	文件/段落	[文件/段落]	[[文件/段落]]	MIGRATE	fillable-slot
tests/expected-deliverables.md	293	3	 	[ ]	[ ]	PRESERVE	markdown-checkbox
tests/expected-deliverables.md	294	3	 	[ ]	[ ]	PRESERVE	markdown-checkbox
tests/expected-deliverables.md	295	3	 	[ ]	[ ]	PRESERVE	markdown-checkbox
tests/expected-deliverables.md	296	3	 	[ ]	[ ]	PRESERVE	markdown-checkbox
tests/expected-deliverables.md	297	3	 	[ ]	[ ]	PRESERVE	markdown-checkbox
tests/expected-deliverables.md	298	3	 	[ ]	[ ]	PRESERVE	markdown-checkbox
tests/expected-deliverables.md	299	3	 	[ ]	[ ]	PRESERVE	markdown-checkbox
tests/expected-deliverables.md	300	3	 	[ ]	[ ]	PRESERVE	markdown-checkbox
tests/expected-deliverables.md	344	3	 	[ ]	[ ]	PRESERVE	markdown-checkbox
tests/expected-deliverables.md	345	3	 	[ ]	[ ]	PRESERVE	markdown-checkbox
tests/expected-deliverables.md	346	3	 	[ ]	[ ]	PRESERVE	markdown-checkbox
tests/expected-deliverables.md	347	3	 	[ ]	[ ]	PRESERVE	markdown-checkbox
tests/expected-deliverables.md	348	3	 	[ ]	[ ]	PRESERVE	markdown-checkbox
tests/expected-deliverables.md	349	3	 	[ ]	[ ]	PRESERVE	markdown-checkbox
tests/expected-deliverables.md	367	3	 	[ ]	[ ]	PRESERVE	markdown-checkbox
tests/expected-deliverables.md	368	3	 	[ ]	[ ]	PRESERVE	markdown-checkbox
tests/expected-deliverables.md	369	3	 	[ ]	[ ]	PRESERVE	markdown-checkbox
tests/expected-deliverables.md	370	3	 	[ ]	[ ]	PRESERVE	markdown-checkbox
tests/expected-deliverables.md	371	3	 	[ ]	[ ]	PRESERVE	markdown-checkbox
tests/expected-deliverables.md	372	3	 	[ ]	[ ]	PRESERVE	markdown-checkbox
tests/expected-deliverables.md	373	3	 	[ ]	[ ]	PRESERVE	markdown-checkbox
tests/expected-deliverables.md	374	3	 	[ ]	[ ]	PRESERVE	markdown-checkbox
tests/expected-deliverables.md	395	3	 	[ ]	[ ]	PRESERVE	markdown-checkbox
tests/expected-deliverables.md	396	3	 	[ ]	[ ]	PRESERVE	markdown-checkbox
tests/expected-deliverables.md	397	3	 	[ ]	[ ]	PRESERVE	markdown-checkbox
tests/expected-deliverables.md	398	3	 	[ ]	[ ]	PRESERVE	markdown-checkbox
tests/expected-deliverables.md	399	3	 	[ ]	[ ]	PRESERVE	markdown-checkbox
tests/expected-deliverables.md	400	3	 	[ ]	[ ]	PRESERVE	markdown-checkbox
tests/expected-deliverables.md	401	3	 	[ ]	[ ]	PRESERVE	markdown-checkbox
tests/expected-deliverables.md	402	3	 	[ ]	[ ]	PRESERVE	markdown-checkbox
tests/expected-deliverables.md	403	3	 	[ ]	[ ]	PRESERVE	markdown-checkbox
tests/expected-deliverables.md	404	3	 	[ ]	[ ]	PRESERVE	markdown-checkbox
tests/expected-deliverables.md	441	3	 	[ ]	[ ]	PRESERVE	markdown-checkbox
tests/expected-deliverables.md	442	3	 	[ ]	[ ]	PRESERVE	markdown-checkbox
tests/expected-deliverables.md	443	3	 	[ ]	[ ]	PRESERVE	markdown-checkbox
tests/expected-deliverables.md	444	3	 	[ ]	[ ]	PRESERVE	markdown-checkbox
tests/expected-deliverables.md	445	3	 	[ ]	[ ]	PRESERVE	markdown-checkbox
tests/expected-deliverables.md	446	3	 	[ ]	[ ]	PRESERVE	markdown-checkbox
tests/expected-deliverables.md	447	3	 	[ ]	[ ]	PRESERVE	markdown-checkbox
tests/expected-deliverables.md	448	3	 	[ ]	[ ]	PRESERVE	markdown-checkbox
tests/expected-deliverables.md	449	3	 	[ ]	[ ]	PRESERVE	markdown-checkbox
tests/expected-deliverables.md	469	3	 	[ ]	[ ]	PRESERVE	markdown-checkbox
tests/expected-deliverables.md	470	3	 	[ ]	[ ]	PRESERVE	markdown-checkbox
tests/expected-deliverables.md	471	3	 	[ ]	[ ]	PRESERVE	markdown-checkbox
tests/expected-deliverables.md	472	3	 	[ ]	[ ]	PRESERVE	markdown-checkbox
tests/expected-deliverables.md	473	3	 	[ ]	[ ]	PRESERVE	markdown-checkbox
tests/expected-deliverables.md	474	3	 	[ ]	[ ]	PRESERVE	markdown-checkbox
tests/expected-deliverables.md	475	3	 	[ ]	[ ]	PRESERVE	markdown-checkbox
tests/expected-deliverables.md	496	3	 	[ ]	[ ]	PRESERVE	markdown-checkbox
tests/expected-deliverables.md	497	3	 	[ ]	[ ]	PRESERVE	markdown-checkbox
tests/expected-deliverables.md	498	3	 	[ ]	[ ]	PRESERVE	markdown-checkbox
tests/expected-deliverables.md	499	3	 	[ ]	[ ]	PRESERVE	markdown-checkbox
tests/expected-deliverables.md	500	3	 	[ ]	[ ]	PRESERVE	markdown-checkbox
tests/expected-deliverables.md	501	3	 	[ ]	[ ]	PRESERVE	markdown-checkbox
tests/expected-deliverables.md	502	3	 	[ ]	[ ]	PRESERVE	markdown-checkbox
tests/expected-deliverables.md	503	3	 	[ ]	[ ]	PRESERVE	markdown-checkbox
tests/expected-deliverables.md	540	3	 	[ ]	[ ]	PRESERVE	markdown-checkbox
tests/expected-deliverables.md	541	3	 	[ ]	[ ]	PRESERVE	markdown-checkbox
tests/expected-deliverables.md	542	3	 	[ ]	[ ]	PRESERVE	markdown-checkbox
tests/expected-deliverables.md	543	3	 	[ ]	[ ]	PRESERVE	markdown-checkbox
tests/expected-deliverables.md	544	3	 	[ ]	[ ]	PRESERVE	markdown-checkbox
tests/expected-deliverables.md	545	3	 	[ ]	[ ]	PRESERVE	markdown-checkbox
tests/expected-deliverables.md	546	3	 	[ ]	[ ]	PRESERVE	markdown-checkbox
tests/expected-deliverables.md	547	3	 	[ ]	[ ]	PRESERVE	markdown-checkbox
tests/expected-deliverables.md	548	3	 	[ ]	[ ]	PRESERVE	markdown-checkbox
tests/expected-deliverables.md	549	3	 	[ ]	[ ]	PRESERVE	markdown-checkbox
tests/expected-deliverables.md	550	3	 	[ ]	[ ]	PRESERVE	markdown-checkbox
tests/expected-deliverables.md	551	3	 	[ ]	[ ]	PRESERVE	markdown-checkbox
tests/expected-deliverables.md	571	3	 	[ ]	[ ]	PRESERVE	markdown-checkbox
tests/expected-deliverables.md	572	3	 	[ ]	[ ]	PRESERVE	markdown-checkbox
tests/expected-deliverables.md	573	3	 	[ ]	[ ]	PRESERVE	markdown-checkbox
tests/expected-deliverables.md	574	3	 	[ ]	[ ]	PRESERVE	markdown-checkbox
tests/expected-deliverables.md	575	3	 	[ ]	[ ]	PRESERVE	markdown-checkbox
tests/expected-deliverables.md	576	3	 	[ ]	[ ]	PRESERVE	markdown-checkbox
tests/expected-deliverables.md	577	3	 	[ ]	[ ]	PRESERVE	markdown-checkbox
tests/expected-deliverables.md	578	3	 	[ ]	[ ]	PRESERVE	markdown-checkbox
tests/expected-deliverables.md	579	3	 	[ ]	[ ]	PRESERVE	markdown-checkbox
tests/expected-deliverables.md	580	3	 	[ ]	[ ]	PRESERVE	markdown-checkbox
tests/expected-deliverables.md	599	3	 	[ ]	[ ]	PRESERVE	markdown-checkbox
tests/expected-deliverables.md	600	3	 	[ ]	[ ]	PRESERVE	markdown-checkbox
tests/expected-deliverables.md	601	3	 	[ ]	[ ]	PRESERVE	markdown-checkbox
tests/expected-deliverables.md	602	3	 	[ ]	[ ]	PRESERVE	markdown-checkbox
tests/expected-deliverables.md	603	3	 	[ ]	[ ]	PRESERVE	markdown-checkbox
tests/expected-deliverables.md	604	3	 	[ ]	[ ]	PRESERVE	markdown-checkbox
tests/expected-deliverables.md	605	3	 	[ ]	[ ]	PRESERVE	markdown-checkbox
tests/expected-deliverables.md	613	3	 	[ ]	[ ]	PRESERVE	markdown-checkbox
tests/expected-deliverables.md	614	3	 	[ ]	[ ]	PRESERVE	markdown-checkbox
tests/expected-deliverables.md	615	3	 	[ ]	[ ]	PRESERVE	markdown-checkbox
tests/expected-deliverables.md	616	3	 	[ ]	[ ]	PRESERVE	markdown-checkbox
tests/expected-deliverables.md	617	3	 	[ ]	[ ]	PRESERVE	markdown-checkbox
tests/expected-deliverables.md	618	3	 	[ ]	[ ]	PRESERVE	markdown-checkbox
tests/expected-deliverables.md	619	3	 	[ ]	[ ]	PRESERVE	markdown-checkbox
tests/expected-deliverables.md	620	3	 	[ ]	[ ]	PRESERVE	markdown-checkbox
tests/expected-deliverables.md	653	3	 	[ ]	[ ]	PRESERVE	markdown-checkbox
tests/expected-deliverables.md	654	3	 	[ ]	[ ]	PRESERVE	markdown-checkbox
tests/expected-deliverables.md	655	3	 	[ ]	[ ]	PRESERVE	markdown-checkbox
tests/expected-deliverables.md	656	3	 	[ ]	[ ]	PRESERVE	markdown-checkbox
tests/expected-deliverables.md	657	3	 	[ ]	[ ]	PRESERVE	markdown-checkbox
tests/expected-deliverables.md	658	3	 	[ ]	[ ]	PRESERVE	markdown-checkbox
tests/expected-deliverables.md	659	3	 	[ ]	[ ]	PRESERVE	markdown-checkbox
tests/expected-deliverables.md	660	3	 	[ ]	[ ]	PRESERVE	markdown-checkbox
tests/expected-deliverables.md	664	3	 	[ ]	[ ]	PRESERVE	markdown-checkbox
tests/expected-deliverables.md	665	3	 	[ ]	[ ]	PRESERVE	markdown-checkbox
tests/expected-deliverables.md	666	3	 	[ ]	[ ]	PRESERVE	markdown-checkbox
tests/expected-deliverables.md	667	3	 	[ ]	[ ]	PRESERVE	markdown-checkbox
tests/expected-deliverables.md	668	3	 	[ ]	[ ]	PRESERVE	markdown-checkbox
tests/expected-deliverables.md	669	3	 	[ ]	[ ]	PRESERVE	markdown-checkbox
tests/expected-deliverables.md	670	3	 	[ ]	[ ]	PRESERVE	markdown-checkbox
tests/expected-deliverables.md	671	3	 	[ ]	[ ]	PRESERVE	markdown-checkbox
tests/expected-deliverables.md	690	3	 	[ ]	[ ]	PRESERVE	markdown-checkbox
tests/expected-deliverables.md	691	3	 	[ ]	[ ]	PRESERVE	markdown-checkbox
tests/expected-deliverables.md	692	3	 	[ ]	[ ]	PRESERVE	markdown-checkbox
tests/expected-deliverables.md	693	3	 	[ ]	[ ]	PRESERVE	markdown-checkbox
tests/expected-deliverables.md	694	3	 	[ ]	[ ]	PRESERVE	markdown-checkbox
tests/expected-deliverables.md	695	3	 	[ ]	[ ]	PRESERVE	markdown-checkbox
tests/expected-deliverables.md	715	3	 	[ ]	[ ]	PRESERVE	markdown-checkbox
tests/expected-deliverables.md	716	3	 	[ ]	[ ]	PRESERVE	markdown-checkbox
tests/expected-deliverables.md	717	3	 	[ ]	[ ]	PRESERVE	markdown-checkbox
tests/expected-deliverables.md	718	3	 	[ ]	[ ]	PRESERVE	markdown-checkbox
tests/expected-deliverables.md	719	3	 	[ ]	[ ]	PRESERVE	markdown-checkbox
tests/expected-deliverables.md	720	3	 	[ ]	[ ]	PRESERVE	markdown-checkbox
tests/expected-deliverables.md	721	3	 	[ ]	[ ]	PRESERVE	markdown-checkbox
tests/expected-deliverables.md	722	3	 	[ ]	[ ]	PRESERVE	markdown-checkbox
tests/expected-deliverables.md	723	3	 	[ ]	[ ]	PRESERVE	markdown-checkbox
tests/expected-deliverables.md	724	3	 	[ ]	[ ]	PRESERVE	markdown-checkbox
tests/expected-deliverables.md	725	3	 	[ ]	[ ]	PRESERVE	markdown-checkbox
tests/expected-deliverables.md	726	3	 	[ ]	[ ]	PRESERVE	markdown-checkbox
tests/expected-deliverables.md	747	3	 	[ ]	[ ]	PRESERVE	markdown-checkbox
tests/expected-deliverables.md	748	3	 	[ ]	[ ]	PRESERVE	markdown-checkbox
tests/expected-deliverables.md	749	3	 	[ ]	[ ]	PRESERVE	markdown-checkbox
tests/expected-deliverables.md	750	3	 	[ ]	[ ]	PRESERVE	markdown-checkbox
tests/expected-deliverables.md	751	3	 	[ ]	[ ]	PRESERVE	markdown-checkbox
tests/expected-deliverables.md	752	3	 	[ ]	[ ]	PRESERVE	markdown-checkbox
tests/expected-deliverables.md	753	3	 	[ ]	[ ]	PRESERVE	markdown-checkbox
tests/expected-deliverables.md	754	3	 	[ ]	[ ]	PRESERVE	markdown-checkbox
tests/expected-deliverables.md	788	3	 	[ ]	[ ]	PRESERVE	markdown-checkbox
tests/expected-deliverables.md	789	3	 	[ ]	[ ]	PRESERVE	markdown-checkbox
tests/expected-deliverables.md	790	3	 	[ ]	[ ]	PRESERVE	markdown-checkbox
tests/expected-deliverables.md	791	3	 	[ ]	[ ]	PRESERVE	markdown-checkbox
tests/expected-deliverables.md	792	3	 	[ ]	[ ]	PRESERVE	markdown-checkbox
tests/expected-deliverables.md	793	3	 	[ ]	[ ]	PRESERVE	markdown-checkbox
tests/expected-deliverables.md	794	3	 	[ ]	[ ]	PRESERVE	markdown-checkbox
tests/expected-deliverables.md	795	3	 	[ ]	[ ]	PRESERVE	markdown-checkbox
tests/expected-deliverables.md	796	3	 	[ ]	[ ]	PRESERVE	markdown-checkbox
tests/expected-deliverables.md	797	3	 	[ ]	[ ]	PRESERVE	markdown-checkbox
tests/expected-deliverables.md	798	3	 	[ ]	[ ]	PRESERVE	markdown-checkbox
tests/expected-deliverables.md	864	3	 	[ ]	[ ]	PRESERVE	markdown-checkbox
tests/expected-deliverables.md	865	3	 	[ ]	[ ]	PRESERVE	markdown-checkbox
tests/expected-deliverables.md	866	3	 	[ ]	[ ]	PRESERVE	markdown-checkbox
tests/expected-deliverables.md	867	3	 	[ ]	[ ]	PRESERVE	markdown-checkbox
tests/expected-deliverables.md	868	3	 	[ ]	[ ]	PRESERVE	markdown-checkbox
tests/expected-deliverables.md	869	3	 	[ ]	[ ]	PRESERVE	markdown-checkbox
tests/expected-deliverables.md	870	3	 	[ ]	[ ]	PRESERVE	markdown-checkbox
tests/expected-deliverables.md	871	3	 	[ ]	[ ]	PRESERVE	markdown-checkbox
tests/expected-deliverables.md	872	3	 	[ ]	[ ]	PRESERVE	markdown-checkbox
tests/expected-deliverables.md	873	3	 	[ ]	[ ]	PRESERVE	markdown-checkbox
tests/expected-deliverables.md	874	3	 	[ ]	[ ]	PRESERVE	markdown-checkbox
tests/expected-deliverables.md	939	3	 	[ ]	[ ]	PRESERVE	markdown-checkbox
tests/expected-deliverables.md	940	3	 	[ ]	[ ]	PRESERVE	markdown-checkbox
tests/expected-deliverables.md	941	3	 	[ ]	[ ]	PRESERVE	markdown-checkbox
tests/expected-deliverables.md	942	3	 	[ ]	[ ]	PRESERVE	markdown-checkbox
tests/expected-deliverables.md	943	3	 	[ ]	[ ]	PRESERVE	markdown-checkbox
tests/expected-deliverables.md	944	3	 	[ ]	[ ]	PRESERVE	markdown-checkbox
tests/expected-deliverables.md	945	3	 	[ ]	[ ]	PRESERVE	markdown-checkbox
tests/expected-deliverables.md	986	3	 	[ ]	[ ]	PRESERVE	markdown-checkbox
tests/expected-deliverables.md	987	3	 	[ ]	[ ]	PRESERVE	markdown-checkbox
tests/expected-deliverables.md	988	3	 	[ ]	[ ]	PRESERVE	markdown-checkbox
tests/expected-deliverables.md	989	3	 	[ ]	[ ]	PRESERVE	markdown-checkbox
tests/expected-deliverables.md	990	3	 	[ ]	[ ]	PRESERVE	markdown-checkbox
tests/expected-deliverables.md	991	3	 	[ ]	[ ]	PRESERVE	markdown-checkbox
tests/expected-deliverables.md	992	3	 	[ ]	[ ]	PRESERVE	markdown-checkbox
tests/expected-deliverables.md	993	3	 	[ ]	[ ]	PRESERVE	markdown-checkbox
tests/expected-deliverables.md	994	3	 	[ ]	[ ]	PRESERVE	markdown-checkbox
tests/expected-deliverables.md	995	3	 	[ ]	[ ]	PRESERVE	markdown-checkbox
tests/expected-deliverables.md	996	3	 	[ ]	[ ]	PRESERVE	markdown-checkbox
tests/expected-deliverables.md	1049	3	 	[ ]	[ ]	PRESERVE	markdown-checkbox
tests/expected-deliverables.md	1050	3	 	[ ]	[ ]	PRESERVE	markdown-checkbox
tests/expected-deliverables.md	1051	3	 	[ ]	[ ]	PRESERVE	markdown-checkbox
tests/expected-deliverables.md	1052	3	 	[ ]	[ ]	PRESERVE	markdown-checkbox
tests/expected-deliverables.md	1053	3	 	[ ]	[ ]	PRESERVE	markdown-checkbox
tests/expected-deliverables.md	1054	3	 	[ ]	[ ]	PRESERVE	markdown-checkbox
tests/expected-deliverables.md	1126	3	 	[ ]	[ ]	PRESERVE	markdown-checkbox
tests/expected-deliverables.md	1127	3	 	[ ]	[ ]	PRESERVE	markdown-checkbox
tests/expected-deliverables.md	1128	3	 	[ ]	[ ]	PRESERVE	markdown-checkbox
tests/expected-deliverables.md	1129	3	 	[ ]	[ ]	PRESERVE	markdown-checkbox
tests/expected-deliverables.md	1130	3	 	[ ]	[ ]	PRESERVE	markdown-checkbox
tests/expected-deliverables.md	1131	3	 	[ ]	[ ]	PRESERVE	markdown-checkbox
tests/expected-deliverables.md	1132	3	 	[ ]	[ ]	PRESERVE	markdown-checkbox
tests/expected-deliverables.md	1133	3	 	[ ]	[ ]	PRESERVE	markdown-checkbox
tests/expected-deliverables.md	1134	3	 	[ ]	[ ]	PRESERVE	markdown-checkbox
tests/expected-deliverables.md	1135	3	 	[ ]	[ ]	PRESERVE	markdown-checkbox
tests/expected-deliverables.md	1136	3	 	[ ]	[ ]	PRESERVE	markdown-checkbox
tests/expected-deliverables.md	1137	3	 	[ ]	[ ]	PRESERVE	markdown-checkbox
tests/expected-deliverables.md	1138	3	 	[ ]	[ ]	PRESERVE	markdown-checkbox
tests/expected-deliverables.md	1139	3	 	[ ]	[ ]	PRESERVE	markdown-checkbox
tests/expected-deliverables.md	1140	3	 	[ ]	[ ]	PRESERVE	markdown-checkbox
tests/expected-deliverables.md	1141	3	 	[ ]	[ ]	PRESERVE	markdown-checkbox
tests/expected-deliverables.md	1142	3	 	[ ]	[ ]	PRESERVE	markdown-checkbox
tests/expected-deliverables.md	1143	3	 	[ ]	[ ]	PRESERVE	markdown-checkbox
tests/expected-deliverables.md	1147	3	 	[ ]	[ ]	PRESERVE	markdown-checkbox
tests/expected-deliverables.md	1148	3	 	[ ]	[ ]	PRESERVE	markdown-checkbox
tests/expected-deliverables.md	1149	3	 	[ ]	[ ]	PRESERVE	markdown-checkbox
tests/expected-deliverables.md	1150	3	 	[ ]	[ ]	PRESERVE	markdown-checkbox
tests/expected-deliverables.md	1151	3	 	[ ]	[ ]	PRESERVE	markdown-checkbox
tests/expected-deliverables.md	1152	3	 	[ ]	[ ]	PRESERVE	markdown-checkbox
tests/expected-deliverables.md	1212	3	 	[ ]	[ ]	PRESERVE	markdown-checkbox
tests/expected-deliverables.md	1213	3	 	[ ]	[ ]	PRESERVE	markdown-checkbox
tests/expected-deliverables.md	1214	3	 	[ ]	[ ]	PRESERVE	markdown-checkbox
tests/expected-deliverables.md	1215	3	 	[ ]	[ ]	PRESERVE	markdown-checkbox
tests/expected-deliverables.md	1216	3	 	[ ]	[ ]	PRESERVE	markdown-checkbox
tests/expected-deliverables.md	1217	3	 	[ ]	[ ]	PRESERVE	markdown-checkbox
tests/expected-deliverables.md	1218	3	 	[ ]	[ ]	PRESERVE	markdown-checkbox
tests/expected-deliverables.md	1219	3	 	[ ]	[ ]	PRESERVE	markdown-checkbox
tests/expected-deliverables.md	1220	3	 	[ ]	[ ]	PRESERVE	markdown-checkbox
tests/expected-deliverables.md	1221	3	 	[ ]	[ ]	PRESERVE	markdown-checkbox
tests/expected-deliverables.md	1222	3	 	[ ]	[ ]	PRESERVE	markdown-checkbox
tests/expected-deliverables.md	1223	3	 	[ ]	[ ]	PRESERVE	markdown-checkbox
tests/expected-deliverables.md	1229	3	 	[ ]	[ ]	PRESERVE	markdown-checkbox
tests/expected-deliverables.md	1230	3	 	[ ]	[ ]	PRESERVE	markdown-checkbox
tests/expected-deliverables.md	1231	3	 	[ ]	[ ]	PRESERVE	markdown-checkbox
tests/expected-deliverables.md	1232	3	 	[ ]	[ ]	PRESERVE	markdown-checkbox
tests/expected-deliverables.md	1233	3	 	[ ]	[ ]	PRESERVE	markdown-checkbox
tests/expected-deliverables.md	1234	3	 	[ ]	[ ]	PRESERVE	markdown-checkbox
tests/expected-deliverables.md	1235	3	 	[ ]	[ ]	PRESERVE	markdown-checkbox
tests/expected-deliverables.md	1236	3	 	[ ]	[ ]	PRESERVE	markdown-checkbox
tests/expected-deliverables.md	1237	3	 	[ ]	[ ]	PRESERVE	markdown-checkbox
tests/expected-deliverables.md	1238	3	 	[ ]	[ ]	PRESERVE	markdown-checkbox
tests/expected-deliverables.md	1252	13	RUN-ID	[RUN-ID]	[[RUN-ID]]	MIGRATE	fillable-slot
tests/expected-deliverables.md	1256	10	YYYY-MM-DD	[YYYY-MM-DD]	[[YYYY-MM-DD]]	MIGRATE	fillable-slot
tests/feature-project-fixture/governance/notices/NOTICE-001.md	13	15	BIBLE-v1.0.0	[BIBLE-v1.0.0]	[BIBLE-v1.0.0]	PRESERVE	frontmatter-list-syntax
tests/feature-project-fixture/production/handoff.md	14	15	BIBLE-v1.0.0, SCRIPT-v1.0.0, REVIEW-001, NOTICE-001	[BIBLE-v1.0.0, SCRIPT-v1.0.0, REVIEW-001, NOTICE-001]	[BIBLE-v1.0.0, SCRIPT-v1.0.0, REVIEW-001, NOTICE-001]	PRESERVE	frontmatter-list-syntax
tests/feature-project-fixture/reviews/REVIEW-001.md	14	15	BIBLE-v1.0.0, DEL-FEATURE-OUTLINE-001, SCRIPT-v1.0.0	[BIBLE-v1.0.0, DEL-FEATURE-OUTLINE-001, SCRIPT-v1.0.0]	[BIBLE-v1.0.0, DEL-FEATURE-OUTLINE-001, SCRIPT-v1.0.0]	PRESERVE	frontmatter-list-syntax
tests/feature-project-fixture/scenes/SC-001.md	14	15	BIBLE-v1.0.0, DEL-FEATURE-OUTLINE-001	[BIBLE-v1.0.0, DEL-FEATURE-OUTLINE-001]	[BIBLE-v1.0.0, DEL-FEATURE-OUTLINE-001]	PRESERVE	frontmatter-list-syntax
tests/feature-project-fixture/scenes/SC-002.md	14	15	BIBLE-v1.0.0, DEL-FEATURE-OUTLINE-001, SC-001	[BIBLE-v1.0.0, DEL-FEATURE-OUTLINE-001, SC-001]	[BIBLE-v1.0.0, DEL-FEATURE-OUTLINE-001, SC-001]	PRESERVE	frontmatter-list-syntax
tests/feature-project-fixture/story/story-bible.md	15	15	PROJECT-FEATURE-001	[PROJECT-FEATURE-001]	[PROJECT-FEATURE-001]	PRESERVE	frontmatter-list-syntax
tests/feature-project-fixture/structure/outline.md	15	15	BIBLE-v1.0.0	[BIBLE-v1.0.0]	[BIBLE-v1.0.0]	PRESERVE	frontmatter-list-syntax
tests/vertical-project-fixture/episodes/EP-001.md	15	15	BIBLE-v1.0.0, DEL-VERTICAL-SEASON-001	[BIBLE-v1.0.0, DEL-VERTICAL-SEASON-001]	[BIBLE-v1.0.0, DEL-VERTICAL-SEASON-001]	PRESERVE	frontmatter-list-syntax
tests/vertical-project-fixture/episodes/EP-002.md	15	15	BIBLE-v1.0.0, DEL-VERTICAL-SEASON-001, EP-001	[BIBLE-v1.0.0, DEL-VERTICAL-SEASON-001, EP-001]	[BIBLE-v1.0.0, DEL-VERTICAL-SEASON-001, EP-001]	PRESERVE	frontmatter-list-syntax
tests/vertical-project-fixture/governance/notices/NOTICE-001.md	13	15	BIBLE-v1.0.0	[BIBLE-v1.0.0]	[BIBLE-v1.0.0]	PRESERVE	frontmatter-list-syntax
tests/vertical-project-fixture/production/handoff.md	14	15	BIBLE-v1.0.0, SCRIPT-v1.0.0, REVIEW-001, NOTICE-001	[BIBLE-v1.0.0, SCRIPT-v1.0.0, REVIEW-001, NOTICE-001]	[BIBLE-v1.0.0, SCRIPT-v1.0.0, REVIEW-001, NOTICE-001]	PRESERVE	frontmatter-list-syntax
tests/vertical-project-fixture/reviews/REVIEW-001.md	14	15	BIBLE-v1.0.0, DEL-VERTICAL-SEASON-001, EP-001, EP-002, SCRIPT-v1.0.0	[BIBLE-v1.0.0, DEL-VERTICAL-SEASON-001, EP-001, EP-002, SCRIPT-v1.0.0]	[BIBLE-v1.0.0, DEL-VERTICAL-SEASON-001, EP-001, EP-002, SCRIPT-v1.0.0]	PRESERVE	frontmatter-list-syntax
tests/vertical-project-fixture/scenes/SC-101.md	14	15	BIBLE-v1.0.0, EP-001	[BIBLE-v1.0.0, EP-001]	[BIBLE-v1.0.0, EP-001]	PRESERVE	frontmatter-list-syntax
tests/vertical-project-fixture/scenes/SC-102.md	14	15	BIBLE-v1.0.0, EP-002, SC-101	[BIBLE-v1.0.0, EP-002, SC-101]	[BIBLE-v1.0.0, EP-002, SC-101]	PRESERVE	frontmatter-list-syntax
tests/vertical-project-fixture/story/story-bible.md	15	15	PROJECT-VERTICAL-001	[PROJECT-VERTICAL-001]	[PROJECT-VERTICAL-001]	PRESERVE	frontmatter-list-syntax
tests/vertical-project-fixture/structure/season-map.md	15	15	BIBLE-v1.0.0	[BIBLE-v1.0.0]	[BIBLE-v1.0.0]	PRESERVE	frontmatter-list-syntax
